time,Wx,Wy,Wz,Ax,Ay,Az,Yaw,Pitch,Roll
0.0,0.0,-0.06,0.12,-0.0,-0.0,1.0,0.0,0.1,0.21
0.0,-0.06,0.06,-0.12,0.01,-0.0,1.0,0.0,0.11,0.2
0.05,0.0,-0.06,0.06,0.0,0.0,1.0,0.0,0.11,0.21
0.11,-0.06,0.0,-0.24,-0.0,-0.01,1.0,0.0,0.1,0.21
0.16,-0.06,0.0,0.12,0.01,0.0,1.0,-0.01,0.12,0.2
0.22,-0.12,-0.06,-0.43,-0.0,0.0,1.0,-0.01,0.1,0.21
0.27,-0.12,0.06,-0.31,0.0,-0.01,1.0,-0.03,0.11,0.2
0.32,0.06,0.0,0.67,0.0,-0.01,1.0,-0.02,0.12,0.21
0.38,0.0,0.06,-0.61,0.0,-0.0,1.0,-0.03,0.1,0.2
0.43,-0.12,-0.06,0.18,0.01,-0.01,1.0,-0.03,0.11,0.21
0.49,0.0,0.0,-0.55,0.0,-0.0,1.0,-0.06,0.12,0.2
0.54,-0.12,0.06,0.0,0.0,0.0,1.0,-0.06,0.12,0.21
0.6,0.06,0.06,-0.24,0.01,-0.01,1.0,-0.06,0.12,0.2
0.65,-0.06,-0.06,0.43,0.01,0.0,1.0,-0.04,0.12,0.21
0.7,0.0,0.0,-0.43,0.0,-0.0,1.0,-0.06,0.12,0.21
0.76,-0.12,0.12,-0.37,-0.01,-0.0,1.0,-0.06,0.12,0.2
0.81,0.0,0.12,0.61,0.01,0.0,0.99,-0.06,0.12,0.19
0.87,0.0,-0.06,-0.49,0.0,-0.0,1.0,-0.06,0.12,0.2
0.92,-0.12,-0.06,0.18,0.0,-0.0,1.0,-0.06,0.12,0.2
0.98,0.12,-0.06,-0.37,-0.0,-0.0,1.0,-0.06,0.12,0.2
1.03,0.0,0.0,0.24,0.01,0.0,1.0,-0.06,0.13,0.2
1.08,0.0,0.0,-0.31,0.0,-0.0,1.0,-0.06,0.12,0.19
1.14,0.0,-0.06,0.18,0.0,-0.0,1.0,-0.06,0.13,0.2
1.19,0.0,-0.06,-0.37,0.0,0.0,1.0,-0.06,0.13,0.2
1.25,-0.24,-0.06,0.0,-0.0,-0.0,1.0,-0.06,0.13,0.2
1.3,-0.12,0.0,-0.18,0.01,-0.01,0.99,-0.06,0.14,0.2
1.36,-0.06,0.0,-0.06,0.01,-0.01,0.99,-0.06,0.13,0.2
1.41,0.06,0.0,0.12,0.01,-0.0,1.0,-0.06,0.13,0.2
1.46,0.0,0.06,-0.61,-0.0,-0.01,1.0,-0.06,0.13,0.2
1.52,0.0,0.0,0.37,0.0,0.0,1.0,-0.07,0.13,0.2
1.57,0.0,0.06,-0.37,0.0,-0.0,1.0,-0.06,0.13,0.19
1.63,-0.06,-0.12,0.31,0.0,-0.0,1.0,-0.07,0.13,0.2
1.68,0.12,0.06,-0.49,0.0,-0.0,1.0,-0.08,0.13,0.19
1.74,0.06,-0.18,0.24,0.0,-0.0,1.0,-0.07,0.13,0.2
1.79,0.06,0.0,-0.31,0.01,-0.0,0.99,-0.09,0.13,0.2
1.85,-0.06,-0.18,0.49,-0.0,0.01,1.0,-0.09,0.13,0.21
1.9,0.0,0.06,-0.31,0.01,-0.01,1.0,-0.11,0.12,0.2
1.95,-0.18,-0.12,0.31,0.0,-0.0,1.0,-0.1,0.14,0.2
2.01,-0.12,0.0,0.31,0.01,0.0,1.0,-0.1,0.13,0.2
2.06,-0.18,0.0,-0.18,-0.0,-0.0,1.0,-0.1,0.13,0.2
2.12,-0.06,0.0,-0.18,0.01,-0.01,1.0,-0.1,0.14,0.2
2.17,-0.06,0.0,-0.18,-0.0,0.0,1.0,-0.1,0.15,0.2
2.23,-0.12,0.0,0.43,0.01,0.0,1.0,-0.1,0.14,0.19
2.28,0.0,0.06,-0.49,0.0,-0.01,0.99,-0.1,0.14,0.19
2.33,-0.06,0.0,-0.18,0.0,0.0,1.0,-0.1,0.15,0.19
2.39,0.12,-0.06,0.06,0.0,0.0,1.0,-0.1,0.14,0.19
2.45,-0.18,-0.06,-0.24,0.01,-0.0,1.0,-0.1,0.15,0.2
2.5,0.12,-0.06,0.18,-0.0,0.0,1.0,-0.1,0.15,0.19
2.55,0.0,0.06,-0.43,0.01,-0.0,1.0,-0.1,0.15,0.19
2.61,0.12,-0.12,0.12,0.01,0.0,1.0,-0.1,0.15,0.2
2.67,-0.06,-0.06,-0.37,-0.01,-0.0,1.0,-0.1,0.14,0.19
2.71,0.06,0.0,0.79,0.01,0.0,1.0,-0.1,0.14,0.19
2.77,0.0,0.06,-0.79,0.0,-0.0,1.0,-0.1,0.14,0.19
2.82,0.0,-0.12,0.73,0.01,0.0,1.0,-0.11,0.14,0.2
2.88,0.0,-0.06,-0.73,-0.0,-0.0,1.0,-0.1,0.14,0.2
2.93,-0.18,-0.06,0.55,0.0,0.0,1.0,-0.13,0.15,0.19
2.99,-0.06,0.12,-0.31,0.01,-0.01,1.0,-0.12,0.15,0.19
3.04,0.06,-0.18,0.12,0.0,-0.0,1.0,-0.12,0.15,0.2
3.1,0.06,0.0,-0.31,0.0,-0.0,1.0,-0.14,0.15,0.2
3.15,-0.24,0.0,-0.12,-0.0,-0.0,1.0,-0.14,0.15,0.2
3.2,0.0,0.06,0.18,0.01,-0.0,1.0,-0.15,0.15,0.19
3.26,-0.06,-0.06,0.12,-0.0,0.0,1.0,-0.14,0.15,0.2
3.31,0.12,0.0,0.0,0.01,-0.0,1.0,-0.15,0.16,0.2
3.37,-0.18,0.0,-0.12,-0.0,0.0,1.0,-0.15,0.16,0.2
3.42,0.06,0.0,-0.06,-0.0,0.0,1.0,-0.16,0.15,0.19
3.48,-0.12,-0.06,0.37,-0.0,-0.0,0.99,-0.15,0.16,0.2
3.53,0.0,-0.12,0.18,0.0,0.0,1.0,-0.17,0.15,0.2
3.59,-0.18,0.06,-0.37,-0.0,-0.01,1.0,-0.17,0.15,0.19
3.64,0.12,0.06,0.37,0.01,-0.0,0.99,-0.17,0.16,0.19
3.69,0.0,-0.12,-0.18,0.0,-0.0,1.0,-0.15,0.16,0.2
3.75,0.0,0.0,0.0,-0.0,-0.0,1.0,-0.18,0.16,0.2
3.8,0.0,0.12,0.12,0.01,-0.01,1.0,-0.18,0.16,0.19
3.86,-0.06,-0.06,0.0,0.0,-0.0,1.0,-0.18,0.16,0.2
3.91,0.06,-0.06,-0.18,0.01,0.0,1.0,-0.18,0.16,0.2
3.96,0.0,-0.06,-0.49,-0.0,0.0,1.0,-0.18,0.15,0.2
4.02,0.0,0.06,0.24,0.01,-0.01,1.0,-0.18,0.15,0.2
4.07,-0.06,0.0,-0.49,0.0,-0.0,1.0,-0.18,0.16,0.19
4.13,0.0,-0.06,0.18,0.01,0.01,1.0,-0.18,0.15,0.2
4.18,0.06,0.06,-0.55,-0.0,-0.01,1.0,-0.18,0.14,0.2
4.24,-0.12,0.0,0.31,0.01,-0.0,1.0,-0.2,0.15,0.2
4.3,0.06,0.0,-0.24,-0.0,0.0,1.0,-0.19,0.16,0.19
4.35,0.06,0.0,0.43,-0.0,0.0,1.0,-0.19,0.14,0.19
4.41,-0.12,0.06,-0.49,0.0,-0.01,1.0,-0.19,0.15,0.19
4.47,-0.12,-0.06,-0.06,0.0,-0.0,0.99,-0.19,0.16,0.2
4.52,-0.12,0.0,-0.12,0.0,0.0,1.0,-0.19,0.16,0.19
4.57,0.06,-0.06,0.31,0.01,-0.0,1.0,-0.19,0.15,0.2
4.62,0.0,-0.06,-0.92,0.0,-0.01,1.0,-0.22,0.15,0.2
4.68,-0.18,-0.06,0.73,-0.01,0.01,1.0,-0.21,0.15,0.2
4.73,0.12,-0.98,-1.95,-0.02,0.03,1.0,-0.23,0.15,0.22
4.79,-0.55,2.56,-3.17,-0.04,0.03,0.99,-0.38,0.1,0.14
4.84,-0.18,2.93,-4.82,0.06,0.1,1.01,-0.67,0.01,-0.07
4.9,-1.28,2.87,-4.33,-0.0,0.02,0.96,-0.85,-0.02,-0.2
4.95,-0.49,2.87,-4.64,0.02,-0.0,1.0,-1.16,0.01,-0.37
5.01,-0.12,3.17,-8.12,-0.03,0.0,0.97,-1.48,0.05,-0.5
5.06,-1.59,1.83,-4.33,-0.03,0.0,0.97,-1.86,0.15,-0.59
5.11,-1.89,3.48,-1.65,-0.01,-0.01,1.0,-2.0,0.25,-0.69
5.17,-2.93,2.81,1.65,0.01,-0.02,1.0,-1.98,0.42,-0.82
5.22,-4.21,2.2,3.85,0.0,-0.02,1.01,-1.85,0.62,-0.9
5.28,-3.48,2.81,9.64,-0.01,-0.04,0.99,-1.46,0.88,-1.03
5.33,-2.81,1.89,14.22,-0.06,-0.08,1.02,-0.8,1.07,-1.2
5.39,-2.75,1.83,9.7,-0.1,-0.14,0.99,-0.09,1.28,-1.32
5.44,-1.34,0.73,2.01,-0.06,-0.13,0.99,0.21,1.52,-1.46
5.5,-1.4,0.18,-6.9,-0.03,-0.11,0.99,-0.01,1.76,-1.49
5.55,-2.08,0.73,-6.16,0.01,-0.02,1.0,-0.35,1.87,-1.51
5.6,-0.24,-0.12,-1.46,-0.02,0.03,0.97,-0.6,1.9,-1.51
5.66,-1.22,0.06,-0.43,-0.06,0.04,0.99,-0.59,1.86,-1.52
5.71,-0.49,0.12,-1.59,-0.05,0.0,1.0,-0.72,1.77,-1.58
5.77,0.43,0.0,-6.23,-0.03,-0.03,0.99,-0.91,1.77,-1.59
5.82,-0.18,0.24,-9.77,-0.02,-0.07,0.99,-1.41,1.83,-1.57
5.88,0.37,1.46,-8.24,-0.03,-0.06,1.01,-1.88,1.91,-1.59
5.93,1.59,1.28,-0.79,-0.02,0.06,1.0,-2.14,1.77,-1.62
5.98,0.67,0.18,1.83,-0.01,0.03,1.0,-2.12,1.58,-1.64
6.04,-0.79,-1.04,3.48,-0.02,-0.05,1.0,-1.98,1.51,-1.58
6.09,0.67,-1.4,7.2,-0.05,-0.12,0.99,-1.67,1.57,-1.51
6.15,1.83,-0.31,9.89,-0.05,-0.08,0.99,-1.22,1.59,-1.53
6.2,1.89,0.79,10.07,-0.02,-0.01,1.0,-0.59,1.53,-1.58
6.26,0.98,0.0,6.41,-0.01,0.01,0.98,-0.18,1.42,-1.6
6.31,0.37,0.0,3.3,-0.0,-0.01,0.99,0.1,1.34,-1.58
6.37,0.79,-0.98,3.36,-0.02,-0.04,1.02,0.26,1.29,-1.54
6.42,1.4,0.0,3.97,-0.02,-0.04,1.02,0.51,1.17,-1.55
6.48,-1.65,0.06,-1.28,-0.04,0.06,0.97,0.55,1.12,-1.56
6.53,-0.31,-1.1,-2.08,-0.05,0.0,0.97,0.44,1.17,-1.5
6.59,-0.49,-0.79,-0.79,-0.05,-0.06,0.97,0.37,1.2,-1.48
6.64,-1.71,-0.79,1.53,-0.02,-0.03,1.0,0.41,1.26,-1.42
6.7,-2.32,-0.12,-1.34,-0.04,-0.06,1.0,0.42,1.38,-1.4
6.75,-2.08,-2.08,-0.61,-0.06,-0.06,0.99,0.34,1.58,-1.37
6.8,-1.89,-1.65,1.04,-0.01,-0.04,0.99,0.37,1.7,-1.27
6.86,-0.67,-2.2,1.16,0.01,-0.05,1.01,0.43,1.83,-1.13
6.91,-1.04,-2.62,0.24,0.01,-0.05,1.03,0.44,1.9,-0.99
6.96,0.98,-3.11,-1.4,0.0,-0.04,1.0,0.39,1.89,-0.8
7.02,1.4,-3.42,-0.73,-0.02,-0.05,0.98,0.33,1.86,-0.64
7.07,1.46,-2.99,-0.92,-0.01,-0.0,1.02,0.31,1.79,-0.47
7.13,2.01,-1.89,-2.08,-0.01,-0.01,1.0,0.23,1.66,-0.36
7.18,1.4,-1.22,-0.37,0.01,0.03,1.0,0.15,1.51,-0.27
7.24,1.16,-1.22,-3.42,-0.01,0.07,1.0,0.05,1.29,-0.2
7.3,-0.61,-1.77,-10.56,-0.01,-0.07,1.02,-0.29,1.22,-0.14
7.35,0.12,-2.5,-11.72,-0.01,-0.07,1.01,-0.98,1.24,0.02
7.4,0.24,-2.38,-10.86,-0.01,-0.04,1.0,-1.57,1.27,0.13
7.45,-0.31,-2.2,-7.63,0.02,-0.02,1.0,-2.12,1.31,0.29
7.51,-0.12,-1.83,-10.13,0.01,-0.02,1.0,-2.53,1.33,0.36
7.57,-0.67,-2.14,-6.84,0.01,-0.0,0.99,-3.14,1.26,0.51
7.62,0.12,-2.38,-8.97,0.02,-0.02,1.0,-3.5,1.21,0.64
7.68,-0.31,-2.26,-10.44,-0.0,-0.03,1.01,-4.07,1.26,0.81
7.73,-0.55,-1.83,-9.03,0.01,-0.06,1.01,-4.62,1.27,0.91
7.78,-0.85,-0.55,1.1,0.01,0.01,1.0,-4.87,1.32,0.99
7.84,-0.49,0.61,2.32,0.01,0.01,0.99,-4.76,1.33,0.97
7.89,-3.78,1.53,7.14,0.01,0.01,0.99,-4.46,1.45,0.87
7.95,-4.52,2.32,7.81,0.01,-0.08,1.01,-4.12,1.77,0.76
8.0,-2.01,4.09,7.45,0.03,-0.11,1.03,-3.64,1.95,0.53
8.05,-2.93,3.3,4.76,0.01,-0.01,0.98,-3.37,2.08,0.31
8.11,-1.89,2.75,5.31,-0.03,0.0,1.02,-3.05,2.2,0.15
8.16,-1.46,4.09,2.44,-0.02,0.03,1.02,-2.88,2.22,-0.02
8.22,-2.62,4.15,-0.43,-0.03,-0.01,1.01,-2.79,2.26,-0.36
8.27,-1.95,3.72,-1.28,-0.02,-0.02,1.01,-2.87,2.33,-0.55
8.33,1.46,0.18,1.77,-0.01,-0.03,0.97,-2.83,2.31,-0.64
8.38,0.43,0.49,2.08,0.01,-0.06,0.97,-2.74,2.26,-0.66
8.43,0.31,0.18,0.98,0.01,-0.06,0.98,-2.65,2.27,-0.66
8.49,0.37,-0.24,0.61,-0.01,-0.04,0.99,-2.61,2.27,-0.63
8.54,0.0,0.0,-0.24,-0.01,-0.04,1.0,-2.61,2.26,-0.63
8.6,-0.12,0.06,0.12,-0.01,-0.03,1.0,-2.61,2.25,-0.63
8.65,0.06,-0.06,0.06,-0.02,-0.05,1.0,-2.61,2.27,-0.64
8.71,-0.06,-0.12,0.06,-0.01,-0.04,1.0,-2.61,2.29,-0.63
8.77,-0.06,-0.06,-0.24,-0.02,-0.04,1.0,-2.61,2.28,-0.63
8.82,0.06,0.0,0.06,-0.01,-0.04,0.99,-2.61,2.29,-0.63
8.87,-0.12,-0.06,-0.18,-0.01,-0.04,1.0,-2.61,2.29,-0.62
8.92,-0.12,0.06,-0.12,-0.02,-0.05,1.01,-2.61,2.3,-0.63
8.98,0.12,-0.06,0.06,-0.01,-0.04,0.99,-2.61,2.3,-0.63
9.04,0.18,-0.06,1270.81,-0.02,-0.05,1.01,-2.61,2.3,-0.63
9.09,0.18,-0.06,1270.81,0.01,-0.02,0.97,-2.61,2.3,-0.63
9.15,1328.86,223.69,-625.0,0.01,-0.02,0.97,-2.61,2.3,-0.63
9.2,1328.86,223.69,-625.0,0.01,-0.05,0.99,-2.61,2.3,-0.63
9.26,1328.86,223.69,-625.0,-0.0,-0.07,1.01,-2.61,2.3,-0.63
9.31,1328.86,223.69,-625.0,-0.03,-0.08,0.97,-2.61,2.3,-0.63
9.36,1.77,2.56,8.67,-0.04,-0.01,1.0,-2.29,2.4,-0.65
9.42,1.46,2.75,6.65,-0.04,-0.04,1.01,-1.9,2.27,-0.84
9.47,2.44,1.46,5.25,-0.03,-0.03,1.0,-1.59,2.16,-0.99
9.52,2.44,1.46,5.25,-0.02,-0.07,1.0,-1.59,2.16,-0.99
9.58,3.85,1.1,7.26,-0.04,0.03,1.02,-0.92,1.88,-1.32
9.63,3.85,1.1,7.26,-0.03,0.01,1.01,-0.92,1.88,-1.32
9.69,0.18,1.1,1.16,-0.01,-0.02,0.99,-0.57,1.64,-1.5
9.74,0.18,1.1,1.16,-0.01,-0.1,1.01,-0.57,1.64,-1.5
9.8,-0.49,-0.18,-4.64,-0.01,-0.11,0.99,-0.75,1.92,-1.49
9.85,-0.49,-0.18,-4.64,-0.04,-0.05,1.01,-0.75,1.92,-1.49
9.9,1.34,0.06,-6.16,-0.03,-0.01,1.0,-1.53,2.03,-1.48
9.96,1.34,0.06,-6.16,-0.03,0.01,0.98,-1.53,2.03,-1.48
10.01,-0.12,0.31,-2.69,-0.04,0.01,0.99,-1.77,1.83,-1.52
10.07,-0.12,0.31,-2.69,-0.03,-0.02,1.0,-1.77,1.83,-1.52
10.12,-0.24,0.24,-4.76,-0.02,-0.06,1.01,-2.15,1.82,-1.53
10.18,0.79,0.31,-5.31,-0.02,-0.05,1.03,-2.41,1.87,-1.54
10.23,1.46,0.73,-1.34,-0.02,0.04,1.02,-2.65,1.79,-1.6
10.29,1.46,0.73,-1.34,-0.03,0.04,0.99,-2.65,1.79,-1.6
10.34,0.55,-1.22,7.51,-0.02,-0.06,1.0,-2.42,1.63,-1.58
10.39,0.43,-0.73,8.91,-0.03,-0.09,0.99,-1.99,1.68,-1.54
10.45,0.85,-0.31,7.69,-0.04,-0.06,1.0,-1.59,1.68,-1.54
10.5,1.59,0.18,8.3,-0.03,-0.02,1.0,-1.11,1.63,-1.57
10.56,0.55,-0.37,6.23,-0.02,-0.0,0.99,-0.73,1.52,-1.6
10.61,1.22,0.73,5.43,-0.0,-0.01,1.02,-0.38,1.45,-1.61
10.67,1.04,0.0,5.49,-0.02,-0.03,1.0,-0.11,1.38,-1.58
10.72,0.67,-0.18,4.46,-0.03,0.03,1.02,0.2,1.28,-1.58
10.77,-1.65,0.55,2.75,-0.04,0.05,1.01,0.38,1.21,-1.59
10.83,-0.06,-1.1,-1.59,-0.04,0.05,1.01,0.35,1.23,-1.58
10.88,-0.18,-0.55,-0.37,-0.06,0.01,0.98,0.27,1.25,-1.55
10.94,-1.28,-0.98,2.69,-0.02,-0.05,0.99,0.37,1.29,-1.5
11.0,-1.65,-1.34,-1.46,-0.04,-0.02,0.99,0.39,1.39,-1.45
11.05,-2.32,-1.4,-3.11,-0.04,-0.04,0.97,0.19,1.51,-1.41
11.1,-2.26,-1.89,0.61,-0.02,-0.05,1.0,0.14,1.68,-1.35
11.16,-1.46,-1.59,1.77,-0.0,-0.06,1.0,0.24,1.81,-1.23
11.21,-1.46,-2.38,1.16,0.01,-0.06,1.01,0.32,1.89,-1.14
11.27,0.43,-2.81,-1.34,0.0,-0.04,0.98,0.33,1.92,-0.94
11.32,1.53,-2.44,-2.2,-0.03,-0.04,0.99,0.25,1.91,-0.77
11.37,1.1,-2.81,-0.67,-0.02,-0.0,1.0,0.18,1.82,-0.62
11.43,0.73,-2.62,-1.59,0.0,-0.03,0.99,0.14,1.73,-0.48
11.48,1.16,-1.77,-0.92,-0.02,0.03,1.0,0.05,1.57,-0.38
11.54,2.14,-1.77,-5.86,0.0,0.06,0.98,-0.09,1.39,-0.3
11.6,-0.31,-1.89,-9.58,-0.0,-0.02,0.98,-0.57,1.26,-0.2
11.65,0.0,-2.75,-9.4,0.01,-0.09,1.02,-1.04,1.38,-0.07
11.71,0.73,-2.32,-11.47,-0.01,-0.06,1.0,-1.52,1.41,0.03
11.76,-0.18,-2.62,-9.64,0.01,-0.03,0.99,-2.18,1.42,0.18
11.81,-0.61,-1.77,-9.95,-0.01,-0.0,1.01,-2.59,1.42,0.29
11.87,-0.31,-2.26,-8.12,0.0,-0.01,1.0,-3.22,1.35,0.44
11.92,0.43,-2.38,-8.91,0.02,-0.02,1.01,-3.61,1.33,0.56
11.98,-0.06,-2.87,-10.62,0.0,-0.02,1.01,-4.17,1.35,0.73
12.03,-0.85,-1.71,-7.93,-0.0,-0.08,1.01,-4.66,1.38,0.83
12.08,-1.71,0.06,-0.61,-0.0,0.02,1.02,-5.02,1.43,0.91
12.14,-0.85,0.61,2.2,0.03,0.02,1.03,-4.98,1.42,0.89
12.19,-2.99,0.67,5.25,0.03,-0.05,1.0,-4.71,1.52,0.84
12.24,-5.19,1.65,5.37,0.0,-0.12,1.03,-4.43,1.79,0.77
12.3,-2.69,3.48,6.53,0.0,-0.12,1.03,-4.07,2.06,0.58
12.35,-3.11,4.27,3.3,0.0,-0.08,1.02,-3.85,2.18,0.36
12.41,-3.36,2.26,5.31,0.01,-0.01,0.97,-3.57,2.33,0.2
12.46,-2.5,3.6,4.03,-0.0,0.02,1.0,-3.34,2.41,0.02
12.52,-2.62,5.37,1.65,-0.02,-0.04,1.01,-3.15,2.55,-0.26
12.57,-0.06,4.33,-2.5,-0.03,-0.04,1.0,-3.2,2.6,-0.52
12.63,4.21,0.24,0.61,-0.03,-0.04,0.97,-3.29,2.48,-0.66
12.68,1.53,0.24,2.93,-0.0,-0.05,0.98,-3.15,2.33,-0.66
12.73,0.06,0.43,2.81,0.03,-0.06,0.98,-3.0,2.32,-0.68
12.79,-0.06,0.0,2.62,0.02,-0.04,1.01,-2.85,2.33,-0.62
12.84,0.0,-0.18,-0.67,-0.01,-0.02,1.0,-2.8,2.3,-0.58
12.9,0.0,-0.12,-0.18,-0.03,-0.05,0.99,-2.83,2.29,-0.59
12.95,0.12,0.06,0.55,-0.0,-0.04,0.99,-2.8,2.3,-0.6
13.01,0.18,-0.06,-0.24,-0.01,-0.04,1.0,-2.8,2.29,-0.6
13.06,-0.24,0.18,-0.31,-0.01,-0.03,1.0,-2.8,2.29,-0.6
13.11,-0.18,0.12,0.06,-0.01,-0.06,1.0,-2.8,2.31,-0.61
13.17,0.0,-0.06,-0.06,-0.01,-0.04,1.0,-2.8,2.33,-0.61
13.22,-0.24,0.06,-0.06,-0.01,-0.04,1.0,-2.8,2.32,-0.61
13.28,-0.24,0.06,-0.06,-0.01,-0.05,1.01,-2.8,2.33,-0.61
13.33,0.12,0.06,-0.43,-0.02,-0.04,1.02,-2.82,2.35,-0.61
13.39,0.92,-0.85,0.61,0.0,-0.02,0.96,-2.79,2.34,-0.62
13.44,0.85,-1.65,-0.98,0.03,-0.01,0.99,-2.76,2.22,-0.51
13.5,-0.85,-0.85,-0.12,0.02,-0.1,1.0,-2.82,2.26,-0.39
13.55,0.18,1.34,4.39,0.0,-0.11,0.99,-2.68,2.43,-0.35
13.6,0.55,1.71,4.09,-0.03,-0.08,1.0,-2.47,2.48,-0.49
13.66,1.34,1.71,8.91,-0.02,-0.04,1.04,-2.06,2.47,-0.68
13.71,0.31,2.62,5.86,-0.04,-0.04,1.0,-1.68,2.4,-0.85
13.77,4.21,0.55,5.31,-0.04,-0.03,1.0,-1.41,2.24,-0.98
13.82,2.5,3.42,7.51,-0.04,-0.04,0.99,-1.07,2.07,-1.1
13.88,0.61,2.81,4.09,-0.04,-0.02,1.01,-0.73,1.98,-1.34
13.93,3.23,0.49,6.41,-0.02,0.01,1.02,-0.41,1.77,-1.43
13.99,0.12,1.04,0.43,-0.01,0.05,1.01,-0.34,1.62,-1.47
14.04,-0.43,0.79,-1.83,-0.02,-0.11,0.99,-0.36,1.7,-1.49
14.09,-0.55,0.55,-3.97,-0.01,-0.11,1.0,-0.54,1.9,-1.49
14.15,-0.31,0.06,-7.69,-0.04,-0.08,1.01,-0.85,2.05,-1.5
14.2,1.4,0.31,-5.37,-0.03,0.0,1.01,-1.34,2.04,-1.5
14.26,1.22,0.43,-4.27,-0.04,-0.01,0.99,-1.53,1.96,-1.5
14.31,0.0,0.24,-0.67,-0.03,0.02,1.0,-1.69,1.85,-1.52
14.37,-0.06,0.37,-1.65,-0.04,-0.01,0.98,-1.71,1.79,-1.57
14.42,-0.12,0.37,-4.46,-0.02,-0.06,1.0,-1.89,1.81,-1.58
14.48,0.37,0.55,-5.86,-0.03,-0.07,0.99,-2.2,1.89,-1.58
14.53,1.53,1.4,-3.54,-0.01,0.02,1.0,-2.49,1.87,-1.62
14.58,0.55,0.67,0.98,-0.04,0.07,1.0,-2.57,1.63,-1.65
14.64,0.73,-1.04,3.23,-0.01,-0.01,1.01,-2.46,1.47,-1.62
14.69,0.24,-1.34,7.26,-0.04,-0.12,0.99,-2.13,1.53,-1.54
14.75,0.98,-0.92,9.09,-0.05,-0.09,0.99,-1.7,1.55,-1.54
14.8,1.4,0.0,11.11,-0.05,-0.09,0.99,-1.07,1.55,-1.57
14.86,1.89,-0.06,8.61,-0.02,0.01,0.99,-0.58,1.42,-1.6
14.91,0.12,0.06,6.04,0.0,-0.0,1.02,-0.18,1.37,-1.61
14.97,0.85,0.0,5.0,-0.01,-0.01,1.01,0.09,1.3,-1.58
15.02,1.22,0.24,5.68,-0.03,-0.02,1.02,0.4,1.21,-1.57
15.07,-1.59,-0.37,4.76,-0.05,0.06,1.01,0.68,1.24,-1.54
15.13,-0.43,-1.1,0.12,-0.05,0.03,0.96,0.81,1.28,-1.55
15.19,-0.06,-0.92,-1.59,-0.02,-0.04,0.99,0.75,1.29,-1.51
15.24,-1.22,-0.37,0.61,-0.01,-0.04,0.98,0.74,1.3,-1.46
15.29,-2.2,-0.79,0.06,-0.04,-0.04,0.99,0.74,1.44,-1.43
15.35,-2.62,-1.83,-2.5,-0.07,-0.04,0.99,0.66,1.59,-1.4
15.41,-2.81,-1.4,-0.79,-0.03,-0.07,0.99,0.58,1.74,-1.33
15.45,-2.56,-1.1,0.61,-0.02,-0.04,0.99,0.6,1.9,-1.24
15.51,-1.95,-1.95,-0.79,-0.01,-0.05,1.01,0.61,2.02,-1.13
15.56,-0.12,-3.54,-4.09,0.02,-0.06,1.02,0.45,2.1,-0.92
15.62,-0.37,-4.09,-4.46,-0.01,-0.05,0.98,0.24,2.13,-0.7
15.67,0.37,-2.93,-3.85,-0.02,-0.05,0.98,0.04,2.11,-0.49
15.73,1.28,-2.2,-4.03,-0.01,0.01,1.01,-0.17,2.04,-0.37
15.78,0.85,-1.16,-0.49,0.02,0.01,1.0,-0.3,1.91,-0.26
15.84,0.79,-0.73,-0.37,-0.01,0.08,1.0,-0.31,1.74,-0.19
15.89,0.43,-1.77,-8.12,-0.02,-0.08,0.99,-0.51,1.68,-0.15
15.95,0.49,-2.62,-12.27,-0.02,-0.11,1.02,-1.12,1.79,-0.05
16.0,0.24,-1.89,-11.05,0.01,-0.06,0.99,-1.71,1.85,0.07
16.05,0.37,-3.17,-10.5,0.03,0.01,1.01,-2.38,1.81,0.27
16.11,-0.98,-1.59,-5.98,0.01,0.0,0.99,-2.75,1.77,0.42
16.16,1.28,-2.93,-13.12,0.01,0.0,0.99,-3.35,1.74,0.57
16.22,0.0,-2.32,-8.54,0.01,-0.01,1.0,-3.83,1.72,0.69
16.27,0.12,-2.87,-9.89,0.01,-0.03,1.0,-4.42,1.72,0.85
16.33,-0.18,-1.83,-8.79,0.01,-0.04,1.0,-4.88,1.74,0.97
16.38,0.55,-1.16,-4.27,0.04,-0.03,1.0,-5.36,1.74,1.07
16.43,-1.16,0.0,2.44,0.01,0.03,1.02,-5.31,1.7,1.09
16.49,-2.44,0.79,3.97,0.03,-0.07,1.0,-5.19,1.77,1.05
16.54,-3.91,1.28,5.74,0.02,-0.11,1.04,-4.94,2.01,0.99
16.6,-3.17,4.09,7.08,0.01,-0.09,1.05,-4.5,2.27,0.82
16.65,-2.38,3.3,3.17,0.03,0.02,0.99,-4.27,2.4,0.62
16.71,-2.75,3.23,3.05,0.01,0.01,1.01,-4.1,2.44,0.46
16.76,-2.01,3.54,0.79,0.01,0.01,1.02,-3.99,2.48,0.27
16.82,-3.42,5.13,-4.7,-0.01,-0.02,1.01,-4.15,2.64,0.01
16.87,-1.89,6.53,-6.71,-0.01,-0.03,1.01,-4.46,2.74,-0.29
16.92,-0.55,2.99,-5.8,-0.04,-0.05,0.99,-4.84,2.79,-0.59
16.98,1.65,0.37,-2.56,-0.03,-0.09,0.95,-5.04,2.75,-0.65
17.03,0.85,0.49,1.16,-0.0,-0.11,0.99,-5.04,2.74,-0.7
17.09,1.59,-0.85,2.01,0.01,-0.05,1.0,-4.96,2.72,-0.67
17.14,1.04,-0.79,0.98,-0.0,-0.02,1.0,-4.86,2.64,-0.6
17.2,0.0,0.18,-0.12,-0.0,-0.05,0.99,-4.84,2.57,-0.58
17.25,-0.06,0.06,-0.12,-0.01,-0.06,0.98,-4.84,2.58,-0.58
17.31,0.0,-0.06,0.06,-0.01,-0.05,1.0,-4.84,2.59,-0.58
17.36,-0.49,0.18,-0.12,-0.0,-0.04,0.98,-4.84,2.59,-0.58
17.41,0.0,0.0,-0.49,-0.02,-0.05,1.01,-4.84,2.59,-0.58
17.47,0.0,0.0,0.31,-0.01,-0.06,1.02,-4.84,2.61,-0.59
17.52,0.55,-0.43,-0.12,-0.0,-0.03,1.01,-4.83,2.6,-0.58
17.58,-0.24,0.06,0.0,-0.01,-0.04,1.0,-4.83,2.58,-0.57
17.63,-0.06,0.06,0.37,-0.02,-0.07,0.99,-4.83,2.61,-0.6
17.69,0.79,-0.12,0.24,-0.01,-0.08,0.94,-4.83,2.63,-0.62
17.74,0.55,-1.83,-1.83,0.06,-0.06,1.04,-4.89,2.5,-0.54
17.79,0.24,-1.1,4.27,0.01,-0.02,0.96,-4.83,2.47,-0.46
17.85,0.18,1.4,4.88,0.02,-0.05,1.01,-4.54,2.48,-0.44
17.9,-0.49,2.01,2.81,-0.03,-0.06,0.99,-4.33,2.48,-0.6
17.96,0.61,2.5,6.65,-0.02,-0.08,1.01,-4.07,2.51,-0.77
18.01,1.28,2.14,6.41,-0.04,-0.05,1.0,-3.75,2.47,-0.91
18.07,1.53,2.38,8.42,-0.04,-0.04,1.0,-3.32,2.39,-1.1
18.12,1.71,2.69,7.87,-0.03,-0.04,0.98,-2.9,2.33,-1.24
18.18,1.46,3.85,7.57,-0.03,-0.03,1.01,-2.43,2.22,-1.46
18.23,1.04,1.04,4.39,-0.02,0.03,0.99,-2.13,2.09,-1.57
18.28,0.0,0.43,-1.1,-0.04,0.02,1.01,-2.08,1.95,-1.61
18.34,-0.18,1.16,2.99,-0.01,-0.12,1.01,-2.02,1.94,-1.68
18.39,0.49,0.98,7.02,0.01,-0.11,0.98,-1.75,2.02,-1.69
18.45,0.06,-0.24,4.03,-0.03,-0.06,1.0,-1.4,2.11,-1.66
18.51,-0.24,-0.24,-3.48,-0.04,-0.02,1.0,-1.4,2.13,-1.65
18.56,-0.67,-0.31,-5.37,-0.05,-0.04,1.0,-1.69,2.16,-1.64
18.61,-1.04,-0.12,-3.48,-0.06,-0.03,0.99,-1.92,2.19,-1.65
18.66,-0.61,0.12,-0.43,-0.06,-0.03,0.99,-2.07,2.2,-1.69
18.72,-0.49,0.61,-0.24,-0.03,-0.02,1.0,-2.07,2.21,-1.72
18.77,0.49,0.18,0.79,-0.02,-0.04,0.99,-2.05,2.25,-1.71
18.83,1.04,0.67,-1.95,-0.02,-0.03,1.0,-2.05,2.25,-1.69
18.88,1.22,0.37,-2.69,-0.06,0.05,0.99,-2.15,2.02,-1.72
18.94,-0.61,-0.55,-1.1,-0.04,-0.06,1.0,-2.29,1.96,-1.75
18.99,1.04,0.24,7.69,-0.04,-0.1,1.0,-2.07,2.06,-1.75
19.05,2.93,0.12,9.89,-0.04,-0.04,1.01,-1.58,1.99,-1.77
19.1,2.14,-0.37,10.74,-0.03,-0.02,0.99,-0.96,1.79,-1.78
19.15,2.56,-0.18,12.51,-0.04,0.0,1.0,-0.37,1.64,-1.79
19.21,1.53,-0.67,10.93,-0.03,-0.01,1.0,0.35,1.44,-1.79
19.26,1.59,-0.31,9.83,-0.02,-0.03,0.99,0.87,1.35,-1.77
19.32,1.53,-0.43,8.61,-0.01,-0.03,1.0,1.41,1.26,-1.72
19.37,1.04,0.18,6.41,-0.03,-0.0,1.04,1.8,1.19,-1.71
19.43,-0.85,-2.38,-2.2,-0.03,0.03,0.99,1.82,1.16,-1.58
19.48,-0.49,-1.1,0.67,-0.05,-0.01,0.99,1.81,1.18,-1.51
19.54,-0.67,-0.85,0.37,-0.06,-0.06,0.96,1.82,1.22,-1.51
19.59,-1.28,-0.73,-2.26,-0.07,-0.03,1.01,1.8,1.25,-1.48
19.65,-2.99,-1.53,-1.28,-0.04,-0.06,0.98,1.66,1.36,-1.48
19.7,-3.85,-1.89,1.89,-0.01,-0.04,0.99,1.68,1.55,-1.4
19.75,-2.08,-2.01,0.79,-0.01,-0.07,0.97,1.75,1.69,-1.32
19.81,-0.61,-2.32,-1.71,-0.0,-0.04,1.0,1.74,1.83,-1.16
19.86,-0.61,-2.32,-1.71,0.0,-0.06,1.02,1.56,1.9,-0.99
19.92,0.85,-3.17,-2.2,-0.02,-0.03,0.99,1.37,1.93,-0.77
19.97,1.34,-2.69,-3.72,-0.02,-0.01,0.99,1.22,1.86,-0.64
20.03,0.67,-2.75,-3.54,-0.0,-0.01,1.0,0.98,1.8,-0.47
20.08,1.1,-1.46,-1.77,0.01,0.02,1.0,0.86,1.72,-0.36
20.13,0.49,-0.67,0.73,0.01,0.02,1.0,0.83,1.59,-0.27
20.19,0.18,-0.79,-5.25,0.02,0.03,0.99,0.72,1.44,-0.23
20.24,0.31,-2.44,-9.95,-0.02,-0.05,0.97,0.2,1.48,-0.11
20.3,1.04,-2.26,-11.54,0.0,-0.04,1.01,-0.34,1.54,-0.01
20.36,0.37,-2.81,-11.29,0.01,-0.04,1.01,-1.08,1.5,0.16
20.41,0.06,-2.38,-8.42,0.02,0.02,1.01,-1.52,1.45,0.35
20.47,0.49,-2.44,-10.74,0.01,-0.01,0.99,-2.08,1.36,0.51
20.52,0.12,-2.38,-8.97,0.01,-0.02,0.99,-2.57,1.36,0.64
20.57,0.06,-3.3,-9.77,0.01,-0.04,1.0,-3.12,1.35,0.8
20.63,-0.18,-1.16,-11.9,-0.01,-0.01,1.01,-3.7,1.37,0.89
20.68,-0.92,-0.24,-10.56,-0.02,0.0,1.0,-4.35,1.34,0.84
20.73,-1.16,0.55,-3.36,0.05,0.01,1.0,-4.69,1.37,0.8
20.79,-4.94,0.85,2.87,0.04,-0.07,1.04,-4.7,1.49,0.79
20.84,-8.06,4.03,3.05,0.0,-0.09,1.02,-4.5,1.92,0.68
20.9,-8.06,3.91,-1.95,0.02,-0.04,1.0,-4.5,2.42,0.42
20.95,-5.62,7.32,-5.49,0.08,-0.02,0.98,-4.69,2.76,0.23
21.01,-6.65,3.05,-6.04,0.04,-0.01,1.0,-5.07,3.02,0.02
21.06,-6.77,1.4,-3.85,0.01,-0.04,1.01,-5.3,3.33,-0.04
21.11,-4.64,4.64,-4.58,-0.03,-0.1,0.98,-5.48,3.63,-0.14
21.17,-1.65,8.06,-2.44,-0.01,-0.08,0.96,-5.75,3.87,-0.57
21.22,-2.81,4.52,1.83,-0.01,-0.08,0.99,-5.71,3.97,-0.85
21.28,-1.77,2.81,-2.56,-0.05,-0.08,0.93,-5.74,4.12,-1.12
21.33,-0.85,0.18,-2.81,-0.05,-0.12,0.99,-5.89,4.22,-1.13
21.39,-0.55,0.0,-0.61,-0.04,-0.12,0.99,-6.0,4.36,-1.18
21.44,-0.55,0.06,0.98,-0.02,-0.07,0.98,-6.0,4.41,-1.22
21.49,-0.55,0.0,-0.73,-0.02,-0.08,0.99,-5.97,4.44,-1.22
21.55,-0.18,0.24,-0.31,-0.01,-0.07,0.99,-5.99,4.44,-1.21
21.6,0.0,-0.12,0.61,-0.01,-0.07,0.99,-5.98,4.44,-1.2
21.66,-0.06,-0.06,-0.73,-0.03,-0.1,1.0,-6.0,4.48,-1.2
21.71,0.0,0.18,0.06,-0.02,-0.09,1.0,-6.0,4.49,-1.22
21.77,-0.06,-0.18,0.06,-0.01,-0.07,1.01,-6.0,4.48,-1.22
21.82,0.18,0.06,-0.18,-0.02,-0.08,1.0,-6.0,4.49,-1.21
21.88,0.06,-0.06,-0.06,-0.03,-0.09,1.0,-6.0,4.5,-1.22
21.93,-0.12,-0.06,0.06,-0.02,-0.08,1.0,-6.0,4.51,-1.22
21.99,-0.06,1.22,0.06,0.0,-0.08,0.99,-6.0,4.51,-1.24
22.04,-2.75,0.24,-1.89,0.04,-0.12,0.97,-6.04,4.59,-1.24
22.09,-2.81,0.79,-0.37,0.0,-0.1,0.99,-6.1,4.76,-1.2
22.15,-2.56,0.85,-0.61,-0.05,-0.12,0.99,-6.17,5.0,-1.2
22.2,-1.46,1.95,6.04,-0.1,-0.1,0.99,-5.99,5.09,-1.34
22.26,-0.43,2.81,11.96,-0.08,-0.07,1.02,-5.5,5.16,-1.63
22.31,1.65,4.94,15.2,-0.07,-0.1,0.99,-4.78,5.1,-1.95
22.37,2.01,3.66,9.7,-0.04,-0.06,1.0,-4.09,4.94,-2.3
22.42,0.92,3.17,5.37,-0.04,-0.08,1.0,-3.71,4.87,-2.5
22.48,0.85,4.15,5.25,-0.04,-0.06,0.99,-3.48,4.78,-2.68
22.53,1.34,3.17,2.69,-0.04,-0.03,0.99,-3.26,4.64,-2.92
22.58,0.49,1.83,0.67,-0.03,-0.03,1.01,-3.18,4.52,-3.03
22.64,0.67,1.83,-0.24,-0.08,-0.14,1.0,-3.15,4.48,-3.14
22.69,0.67,1.83,-0.24,-0.07,-0.15,1.02,-3.29,4.51,-3.28
22.75,0.31,1.83,-8.24,-0.0,-0.13,1.02,-3.63,4.55,-3.39
22.8,-0.31,0.98,-11.29,0.01,-0.1,0.99,-4.15,4.61,-3.33
22.86,-1.4,-0.31,-6.04,-0.03,-0.07,1.0,-4.67,4.67,-3.17
22.92,-0.43,-0.73,-1.83,-0.04,-0.06,0.99,-4.82,4.71,-3.1
22.97,0.18,-0.79,-2.81,-0.04,-0.06,0.99,-4.98,4.7,-3.02
23.02,-0.92,-0.31,-6.59,-0.07,-0.1,0.97,-5.21,4.74,-3.0
23.08,-1.28,0.85,-10.13,-0.09,-0.1,0.99,-5.71,4.82,-2.99
23.13,1.28,1.71,-9.09,-0.08,-0.08,1.02,-6.22,4.93,-3.06
23.18,1.28,2.26,-3.78,-0.03,0.01,1.02,-6.71,4.84,-3.17
23.24,-0.43,-0.06,1.22,-0.04,-0.06,1.01,-6.74,4.71,-3.21
23.29,0.79,-1.83,5.74,-0.03,-0.15,1.01,-6.49,4.65,-3.11
23.35,0.79,-0.85,7.14,-0.07,-0.14,0.99,-6.09,4.64,-3.09
23.4,0.67,-0.12,4.39,-0.06,-0.14,0.97,-5.75,4.71,-3.11
23.46,1.53,0.37,2.38,-0.03,-0.08,0.99,-5.58,4.7,-3.13
23.51,-1.89,-2.56,0.49,-0.03,-0.02,0.99,-5.5,4.59,-3.08
23.56,-3.36,-3.23,1.83,-0.07,0.01,1.02,-5.42,4.51,-2.94
23.62,-1.83,-4.33,6.84,-0.11,-0.05,0.99,-5.19,4.62,-2.75
23.68,-1.46,-3.78,12.45,-0.15,-0.09,1.01,-4.65,4.65,-2.68
23.73,-0.12,-4.52,11.78,-0.11,-0.09,0.98,-3.87,4.67,-2.54
23.78,4.88,-4.76,9.22,0.01,-0.1,1.01,-3.32,4.54,-2.4
23.84,1.4,-1.4,9.7,0.04,-0.08,0.92,-2.78,4.34,-2.25
23.89,-0.79,-4.03,2.93,0.0,-0.13,0.98,-2.43,4.34,-2.09
23.95,-2.38,-8.61,-1.83,-0.08,-0.13,0.98,-2.38,4.46,-1.77
24.0,-1.28,-13.49,-1.34,-0.07,-0.11,0.99,-2.42,4.63,-1.19
24.06,-1.46,-10.62,1.34,-0.02,-0.08,1.04,-2.4,4.7,-0.59
24.11,-3.6,-1.16,6.65,0.08,-0.03,0.96,-2.18,4.83,-0.23
24.16,-5.07,-0.85,7.69,0.1,-0.05,1.0,-1.74,4.98,-0.04
24.22,-3.6,-3.05,-6.84,0.08,-0.09,0.99,-1.63,5.17,0.25
24.28,-0.12,-6.1,-12.82,0.06,-0.15,0.98,-2.18,5.28,0.57
24.33,0.31,-5.8,-8.24,0.04,-0.13,0.97,-2.76,5.31,1.04
24.39,-0.43,-7.39,-2.5,0.04,-0.09,1.0,-2.98,5.33,1.44
24.44,0.31,-2.69,-1.65,-0.04,-0.01,1.0,-3.01,5.26,1.7
24.49,0.31,-1.71,-9.16,-0.02,-0.03,0.99,-3.28,5.08,1.72
24.55,-0.49,-1.59,-9.64,0.01,-0.2,0.98,-3.96,5.15,1.76
24.6,0.12,-1.53,-5.07,0.05,-0.15,0.99,-4.28,5.28,1.9
24.65,0.61,-2.81,-8.36,0.04,-0.09,1.0,-4.65,5.31,2.1
24.71,0.12,-2.26,-11.05,0.04,-0.06,0.99,-5.15,5.26,2.28
24.77,-0.12,-2.44,-14.4,0.02,-0.08,0.97,-5.9,5.21,2.47
24.82,-0.49,-2.08,-11.96,0.01,-0.08,0.98,-6.6,5.2,2.66
24.87,0.06,-1.1,-6.77,0.01,-0.1,1.02,-7.09,5.16,2.77
24.93,0.0,-1.71,-10.31,0.04,-0.1,1.01,-7.53,5.17,2.88
24.98,-0.61,-1.04,-6.1,0.04,-0.12,1.0,-7.98,5.23,3.02
25.03,-0.55,0.31,-2.56,0.05,-0.03,1.01,-8.22,5.25,3.07
25.09,-0.31,2.14,0.67,0.07,-0.09,1.01,-8.27,5.26,3.03
25.14,-0.98,2.5,0.31,0.07,-0.14,1.0,-8.22,5.3,2.89
25.2,-5.49,5.55,1.1,0.03,-0.07,1.0,-8.2,5.51,2.61
25.25,-4.15,6.41,-3.48,0.04,-0.04,0.99,-8.28,5.76,2.36
25.31,-2.81,8.3,-4.88,0.11,-0.06,0.99,-8.62,5.84,1.95
25.36,-2.56,7.14,-4.82,0.07,-0.13,0.98,-8.87,5.97,1.68
25.41,-2.38,5.98,-3.97,0.04,-0.17,1.01,-9.18,6.12,1.33
25.47,-2.5,7.39,-3.48,-0.04,-0.15,0.97,-9.41,6.31,0.96
25.53,-2.44,6.77,-2.93,-0.02,-0.12,0.98,-9.64,6.43,0.53
25.58,-1.83,6.35,-4.46,-0.04,-0.09,0.96,-9.84,6.55,0.21
25.63,-0.43,1.4,1.95,-0.02,-0.12,0.97,-9.94,6.62,0.04
25.69,-0.31,0.85,0.37,-0.04,-0.11,0.99,-9.84,6.65,-0.06
25.74,-0.37,0.0,0.31,0.01,-0.13,0.98,-9.84,6.65,-0.12
25.8,0.0,0.98,0.43,0.0,-0.12,0.99,-9.83,6.68,-0.08
25.85,0.0,0.49,0.43,-0.02,-0.12,1.0,-9.83,6.68,-0.11
25.9,0.06,0.49,-0.43,-0.02,-0.11,0.98,-9.83,6.69,-0.1
25.96,0.24,0.55,0.67,-0.01,-0.1,0.98,-9.82,6.67,-0.14
26.01,-0.12,-0.12,0.0,-0.01,-0.1,0.98,-9.82,6.68,-0.13
26.07,0.0,0.0,-0.67,0.02,-0.13,1.01,-9.84,6.68,-0.13
26.12,-0.06,-0.43,0.37,-0.02,-0.11,0.98,-9.82,6.69,-0.14
26.18,0.06,1.16,-0.61,-0.02,-0.11,0.99,-9.84,6.69,-0.15
26.23,-0.06,-0.06,0.92,-0.0,-0.12,0.98,-9.83,6.68,-0.15
26.29,0.06,0.37,-1.1,0.0,-0.13,1.02,-9.84,6.69,-0.14
26.34,0.92,5.0,2.62,0.05,-0.17,0.95,-9.83,6.68,-0.3
26.39,1.22,10.44,5.98,0.06,-0.15,0.96,-9.55,6.66,-0.67
26.45,-0.06,7.93,6.29,0.04,-0.15,1.01,-9.26,6.64,-1.24
26.5,0.06,6.9,0.49,-0.02,-0.14,0.98,-9.17,6.65,-1.59
26.56,1.71,9.4,-6.9,-0.02,-0.1,0.96,-9.44,6.61,-2.01
26.61,1.04,9.34,-6.47,-0.03,-0.12,0.98,-9.86,6.57,-2.42
26.67,-1.71,1.1,-6.96,-0.13,-0.05,0.96,-10.26,6.58,-2.7
26.73,-2.5,-0.67,-6.84,-0.16,-0.06,0.99,-10.64,6.67,-2.69
26.78,-1.04,0.61,1.71,-0.13,-0.15,1.01,-10.83,6.76,-2.84
26.83,-0.18,3.23,11.11,-0.16,-0.07,0.98,-10.48,6.71,-3.04
26.88,1.83,5.37,10.8,-0.05,-0.11,0.99,-9.67,6.62,-3.47
26.94,2.69,5.13,6.04,-0.09,-0.12,0.96,-9.32,6.4,-3.8
26.99,1.28,2.14,-4.76,-0.05,-0.19,0.99,-9.25,6.36,-3.99
27.05,1.28,1.34,-9.7,-0.02,-0.19,1.0,-9.74,6.45,-4.0
27.11,-0.06,0.49,-10.68,-0.01,-0.15,1.0,-10.28,6.48,-3.94
27.16,0.0,-0.79,-5.68,-0.03,-0.1,1.01,-10.79,6.54,-3.78
27.22,-0.98,-0.18,-2.69,-0.05,-0.08,0.99,-10.97,6.56,-3.7
27.27,-0.43,-0.24,-4.52,-0.07,-0.11,0.98,-11.15,6.54,-3.65
27.32,0.67,-0.67,-6.71,-0.09,-0.13,0.99,-11.42,6.55,-3.61
27.37,-0.55,-0.12,-8.42,-0.09,-0.13,0.98,-11.89,6.6,-3.6
27.43,0.61,1.1,-7.57,-0.09,-0.12,0.98,-12.29,6.63,-3.6
27.48,1.95,1.16,-4.58,-0.04,-0.03,0.98,-12.73,6.58,-3.66
27.54,-0.06,0.31,-2.99,-0.05,-0.0,1.0,-12.9,6.44,-3.68
27.59,2.26,-2.38,4.94,-0.06,-0.08,1.01,-12.8,6.36,-3.61
27.65,0.0,-0.61,7.93,-0.07,-0.21,0.96,-12.48,6.29,-3.59
27.7,-0.43,0.06,6.23,-0.09,-0.16,0.98,-12.02,6.35,-3.65
27.76,-3.6,-1.04,3.23,-0.05,-0.03,0.97,-11.83,6.44,-3.69
27.81,-1.83,-5.13,7.02,-0.07,0.01,1.01,-11.48,6.48,-3.49
27.86,-1.4,-4.76,8.79,-0.1,-0.08,1.01,-11.06,6.39,-3.33
27.92,-3.23,-1.53,11.54,-0.12,-0.08,1.0,-10.45,6.43,-3.29
27.97,-1.95,-0.55,12.08,-0.1,-0.13,1.0,-9.83,6.55,-3.38
28.03,0.92,-3.23,11.23,-0.05,-0.15,0.97,-9.16,6.59,-3.36
28.08,3.36,-3.78,8.79,-0.02,-0.15,0.95,-8.65,6.43,-3.22
28.14,2.81,-4.21,5.0,0.02,-0.15,0.97,-8.22,6.27,-2.96
28.19,0.12,-4.76,2.56,-0.04,-0.13,0.97,-8.01,6.19,-2.69
28.25,-2.93,-8.12,-0.49,-0.12,-0.12,0.97,-7.92,6.3,-2.28
28.3,-1.4,-11.9,1.16,-0.09,-0.11,0.95,-7.84,6.42,-1.83
28.36,-0.18,-13.49,1.89,-0.06,-0.12,1.0,-7.67,6.46,-1.08
28.41,0.12,-12.57,2.93,-0.05,-0.13,0.96,-7.5,6.46,-0.55
28.46,2.44,-18.68,7.63,-0.02,-0.13,1.0,-7.05,6.39,0.31
28.52,-2.56,-6.53,12.7,0.14,-0.07,0.95,-6.48,6.36,0.89
28.58,-6.16,-1.89,10.19,0.16,-0.06,1.04,-5.78,6.59,1.08
28.63,-3.91,-2.93,-0.06,0.12,-0.1,1.01,-5.4,6.87,1.25
28.69,0.37,-4.82,-12.82,0.08,-0.11,1.02,-5.72,6.96,1.47
28.74,0.85,-4.7,-13.0,0.03,-0.12,1.0,-6.51,6.88,1.87
28.79,-0.67,-2.93,-9.4,0.01,-0.08,0.98,-7.03,6.83,2.14
28.85,-1.04,-3.05,-9.83,0.06,-0.15,1.0,-7.59,6.88,2.37
28.9,-0.55,-2.81,-9.03,0.07,-0.16,0.99,-8.04,6.99,2.61
28.96,-0.49,-2.26,-11.84,0.03,-0.11,1.02,-8.66,7.01,2.83
29.01,-1.28,-2.32,-14.95,0.03,-0.1,0.99,-9.33,7.01,3.02
29.07,-1.53,-1.95,-16.6,0.05,-0.12,1.0,-10.25,7.03,3.19
29.12,-0.92,-1.95,-15.26,0.06,-0.14,0.99,-11.05,7.05,3.38
29.18,-1.04,-2.01,-8.54,0.07,-0.16,0.99,-11.72,7.08,3.58
29.23,-1.83,-0.92,-6.84,0.06,-0.13,0.99,-12.05,7.16,3.7
29.29,-2.08,-0.79,-4.94,0.06,-0.13,0.98,-12.43,7.33,3.77
29.34,-1.77,-1.22,-4.33,0.06,-0.14,0.98,-12.65,7.4,3.86
29.39,-1.28,0.37,-4.15,0.05,-0.07,0.98,-12.88,7.42,3.93
29.44,-0.06,2.32,-0.92,0.08,-0.18,1.01,-13.03,7.46,3.87
29.5,-2.44,6.9,4.03,0.04,-0.17,1.02,-12.93,7.54,3.57
29.55,-3.42,7.14,-3.78,0.06,-0.02,1.0,-12.99,7.66,3.22
29.61,-1.83,8.61,-10.62,0.09,-0.06,0.99,-13.66,7.6,2.77
29.66,-1.95,8.24,-5.55,0.06,-0.18,1.0,-14.1,7.68,2.41
29.72,-3.05,7.87,-2.44,0.05,-0.19,1.0,-14.3,7.9,2.0
29.77,-2.08,7.39,-3.97,0.03,-0.18,1.02,-14.55,8.1,1.69
29.82,-1.95,7.14,-5.62,0.02,-0.14,1.0,-14.86,8.22,1.31
29.88,-2.26,6.29,-5.37,-0.02,-0.13,0.94,-15.19,8.33,0.99
29.94,-1.1,1.34,-2.2,-0.04,-0.16,0.99,-15.47,8.42,0.81
29.99,-0.43,1.1,-3.17,-0.03,-0.16,0.96,-15.62,8.46,0.74
30.04,-0.12,0.73,2.14,0.02,-0.13,1.01,-15.66,8.48,0.68
30.1,-0.06,0.79,-0.06,0.01,-0.15,0.97,-15.59,8.48,0.62
30.15,0.0,0.37,0.06,0.02,-0.15,0.95,-15.64,8.48,0.62
30.21,-0.24,0.37,-0.24,0.0,-0.16,0.99,-15.64,8.49,0.61
30.26,-0.06,0.24,0.49,0.01,-0.15,0.99,-15.65,8.51,0.6
30.32,0.06,-0.43,-0.12,0.01,-0.15,0.98,-15.63,8.5,0.59
30.37,-0.06,0.06,-0.49,0.02,-0.16,1.02,-15.68,8.51,0.6
30.42,0.06,-0.06,0.79,0.01,-0.15,0.98,-15.65,8.52,0.6
30.48,0.06,0.12,-0.67,0.01,-0.15,0.97,-15.67,8.53,0.61
30.53,0.06,0.43,0.67,-0.01,-0.14,0.99,-15.67,8.53,0.6
30.59,0.0,0.24,-0.73,0.03,-0.16,1.01,-15.67,8.53,0.6
30.64,2.08,1.65,-0.31,0.05,-0.2,0.93,-15.69,8.51,0.59
30.7,6.23,5.25,-6.35,0.05,-0.21,0.98,-15.88,8.33,0.41
30.75,7.57,4.33,-17.03,0.05,-0.21,0.98,-16.67,8.01,0.14
30.81,13.92,0.37,-10.68,-0.02,-0.14,1.0,-17.45,7.43,0.16
30.86,19.17,1.53,9.77,-0.02,-0.11,1.04,-17.32,6.38,0.02
30.91,19.96,2.93,15.75,-0.08,-0.11,0.99,-16.65,5.4,-0.35
30.97,20.39,5.0,15.26,-0.11,-0.11,0.98,-15.75,4.19,-0.78
31.02,25.88,1.46,13.98,-0.06,-0.07,1.04,-14.96,3.15,-1.23
31.08,25.02,1.28,7.75,0.03,-0.08,0.96,-14.23,1.69,-1.4
31.13,21.3,-3.36,7.51,0.11,0.1,0.99,-13.88,0.53,-1.3
31.19,3.36,0.85,0.73,0.14,0.1,0.96,-13.65,-0.12,-1.19
31.24,1.28,0.49,2.08,0.09,0.14,0.96,-13.62,-0.34,-1.1
31.3,-0.61,-0.98,-3.97,-0.02,-0.01,0.99,-13.57,-0.45,-1.07
31.35,-2.32,-2.26,-12.63,-0.1,-0.16,0.98,-14.07,-0.26,-1.02
31.4,0.12,-2.56,-13.67,-0.04,-0.06,1.0,-14.88,-0.13,-0.93
31.46,1.4,-1.53,-10.99,-0.03,0.01,0.99,-15.53,-0.14,-0.9
31.51,0.79,0.73,-3.11,0.01,0.06,0.99,-15.94,-0.29,-0.86
31.57,1.04,0.67,0.61,0.01,0.06,1.0,-16.02,-0.39,-0.85
31.62,0.12,0.18,-1.89,0.01,0.03,1.0,-16.08,-0.48,-0.82
31.68,-0.37,-0.24,-6.35,-0.0,0.0,0.99,-16.27,-0.5,-0.79
31.73,0.55,-0.92,-9.09,-0.03,-0.02,1.0,-16.76,-0.47,-0.76
31.79,0.31,-0.18,-9.09,-0.02,0.03,1.01,-17.27,-0.49,-0.75
31.84,0.61,0.37,-1.77,-0.01,0.11,1.02,-17.58,-0.59,-0.78
31.89,-1.1,-0.98,5.43,-0.01,0.05,1.01,-17.47,-0.7,-0.78
31.95,-4.39,-2.75,7.14,-0.01,-0.08,1.01,-17.17,-0.6,-0.69
32.0,-6.53,-3.97,7.39,-0.01,-0.08,1.02,-16.72,-0.14,-0.52
32.06,-5.31,-5.86,6.71,0.03,-0.02,1.0,-16.4,0.17,-0.25
32.11,-4.46,-5.68,10.68,0.02,0.06,0.98,-15.81,0.47,0.12
32.17,-5.8,-5.62,3.11,0.0,0.05,1.0,-15.48,0.65,0.4
32.22,-3.54,-5.25,10.5,0.05,0.0,0.98,-15.14,0.91,0.74
32.28,-5.98,15.14,20.57,-0.02,0.14,0.99,-14.43,1.12,0.55
32.33,-1.77,4.33,33.94,-0.02,0.14,0.99,-12.56,1.33,-0.27
32.38,0.73,-0.67,21.61,-0.08,-0.07,1.04,-11.26,1.38,-0.4
32.44,-2.62,-0.37,5.07,0.05,-0.14,0.98,-10.59,1.6,-0.22
32.49,-3.3,-1.28,-1.83,0.08,0.01,0.96,-10.55,1.75,-0.02
32.55,-6.04,-6.41,-1.16,-0.02,-0.04,0.97,-10.67,2.01,0.23
32.61,-4.82,-5.86,-3.48,-0.03,0.0,1.03,-10.7,2.29,0.52
32.66,-2.38,-3.3,-5.98,0.08,-0.03,1.01,-11.02,2.47,0.83
32.72,-0.98,-1.89,-3.78,0.07,-0.07,1.0,-11.24,2.51,1.04
32.77,2.38,0.92,-0.85,0.05,-0.1,1.03,-11.39,2.48,1.13
32.82,2.38,0.92,-0.85,0.03,-0.07,1.01,-11.37,2.35,1.06
32.87,4.09,4.94,2.56,-0.02,-0.07,1.01,-11.29,2.26,0.86
32.93,2.87,4.94,4.52,-0.01,-0.03,0.99,-11.09,2.14,0.53
32.98,2.75,4.09,0.37,-0.03,-0.02,0.98,-10.97,1.92,0.19
33.04,0.98,2.62,-0.18,-0.06,0.06,0.98,-10.95,1.75,-0.08
33.09,-0.43,0.85,-2.01,-0.01,-0.01,1.01,-11.07,1.72,-0.18
33.15,-0.92,-0.24,-1.59,-0.02,-0.02,1.0,-11.13,1.71,-0.23
33.2,-1.4,-1.77,-2.87,0.0,-0.09,1.0,-11.28,1.81,-0.15
33.26,-1.59,-1.77,-4.09,-0.02,-0.07,1.0,-11.45,1.98,-0.07
33.31,-1.53,-2.01,-6.84,-0.0,-0.04,1.01,-11.74,2.09,-0.0
33.36,-1.16,-2.14,-8.12,0.02,-0.03,1.0,-12.16,2.18,0.16
33.42,-1.1,-3.36,-11.72,0.01,-0.04,1.0,-12.68,2.21,0.34
33.48,-2.44,-2.87,-8.61,0.0,-0.03,0.99,-13.26,2.29,0.57
33.53,-1.34,-2.93,-10.93,0.02,-0.05,0.99,-13.8,2.37,0.73
33.59,-0.92,-3.36,-13.92,0.03,-0.05,0.99,-14.49,2.44,0.93
33.64,-1.28,-1.89,-8.91,0.04,-0.08,1.0,-15.06,2.51,1.1
33.69,-2.5,-0.92,-2.93,-0.0,0.04,0.99,-15.4,2.59,1.22
33.75,-1.34,-0.31,-0.43,-0.01,-0.03,0.99,-15.48,2.55,1.23
33.8,-0.98,-0.98,4.64,-0.01,-0.03,0.99,-15.38,2.68,1.26
33.85,-1.53,-0.43,4.03,0.01,-0.06,0.98,-15.13,2.79,1.26
33.91,-1.34,0.67,6.04,-0.01,-0.13,0.97,-14.91,2.91,1.25
33.96,-1.53,0.37,8.61,0.05,-0.01,0.97,-14.57,2.96,1.18
34.02,-1.4,1.04,8.85,0.02,-0.07,1.01,-13.97,3.07,1.09
34.07,-1.28,0.37,5.0,0.05,-0.02,1.0,-13.67,3.13,1.07
34.13,1.16,-0.98,-0.67,0.01,-0.06,0.98,-13.51,3.17,1.09
34.18,3.54,-1.34,-6.84,0.03,0.04,1.0,-13.7,2.98,1.14
34.23,4.82,-6.9,-18.86,0.11,0.07,1.0,-14.57,2.44,1.6
34.29,2.2,-4.82,-16.91,0.02,-0.07,0.98,-15.47,2.18,1.98
34.35,1.28,-2.2,-6.59,-0.03,-0.13,1.01,-16.16,2.1,2.21
34.4,0.55,0.0,-0.61,0.0,-0.08,1.02,-16.28,2.15,2.19
34.45,0.49,0.79,2.32,0.06,-0.0,1.01,-16.19,2.1,2.15
34.51,0.12,0.55,1.46,0.06,-0.02,1.0,-16.09,2.03,2.16
34.57,-0.18,-0.24,-0.85,0.02,-0.08,1.0,-16.09,2.08,2.18
34.62,0.0,-0.37,-0.37,0.03,-0.02,1.0,-16.12,2.12,2.17
34.67,0.0,0.24,0.55,0.04,-0.01,1.0,-16.12,2.07,2.16
34.73,0.06,0.18,-0.31,0.03,-0.08,1.0,-16.1,2.09,2.14
34.78,0.0,-0.06,0.06,0.04,-0.02,1.0,-16.1,2.14,2.14
34.83,-0.06,0.06,0.12,0.03,-0.03,1.0,-16.1,2.09,2.14
34.89,-0.06,-0.12,-0.18,0.03,-0.06,0.99,-16.1,2.11,2.13
34.94,0.0,-0.73,0.61,0.03,-0.08,1.01,-16.1,2.16,2.14
35.0,1.28,0.18,6.1,0.03,-0.07,1.0,-15.94,2.19,2.2
35.05,1.1,1.95,7.87,0.04,-0.0,0.99,-15.48,2.2,2.13
35.11,-1.34,3.72,10.8,0.05,-0.05,1.0,-15.02,2.2,1.99
35.16,-0.43,2.38,7.87,0.05,-0.05,1.0,-14.46,2.28,1.76
35.21,-1.16,3.42,5.07,0.02,-0.05,1.01,-14.15,2.33,1.52
35.27,0.85,5.43,6.35,-0.06,-0.08,1.0,-13.82,2.3,1.19
35.32,0.85,2.75,2.56,0.04,-0.06,0.99,-13.58,2.22,1.0
35.38,1.95,1.4,3.42,0.04,-0.06,1.02,-13.46,2.2,0.85
35.43,1.59,-0.06,3.3,0.09,0.01,1.0,-13.26,2.18,0.82
35.49,-0.24,-0.85,1.16,0.03,-0.0,1.0,-13.16,2.15,0.87
35.55,-1.04,-1.83,-5.8,0.02,-0.01,0.98,-13.3,2.12,0.97
35.6,-0.98,0.24,-2.08,-0.05,-0.1,0.99,-13.55,2.16,0.97
35.65,-0.43,0.61,-4.88,-0.02,-0.12,1.01,-13.73,2.27,0.89
35.71,0.98,-0.06,-9.89,-0.01,-0.1,0.98,-14.18,2.35,0.86
35.76,1.4,-0.49,-10.56,0.03,-0.02,0.99,-14.72,2.29,0.92
35.81,1.16,-0.43,-6.77,0.05,0.01,1.02,-15.25,2.18,0.99
35.87,0.18,0.12,-2.01,0.05,0.0,1.0,-15.44,2.04,1.05
35.93,-0.12,-0.55,-5.43,0.03,-0.03,0.99,-15.64,2.01,1.11
35.98,-0.55,-0.31,-5.92,0.01,-0.05,1.01,-15.9,2.02,1.14
36.03,-1.71,0.67,-7.32,0.01,-0.07,1.01,-16.33,2.12,1.13
36.08,1.59,-0.85,-5.86,0.01,-0.02,1.02,-16.69,2.17,1.14
36.14,-0.43,0.85,-3.6,0.01,0.08,0.98,-16.92,2.08,1.14
36.19,2.14,-1.22,1.83,0.03,-0.02,1.02,-16.99,1.96,1.16
36.25,-3.05,-1.16,7.57,0.02,-0.13,1.01,-16.75,2.02,1.2
36.3,-4.33,-2.26,7.08,-0.01,-0.11,1.01,-16.29,2.35,1.22
36.36,-4.27,-4.39,6.65,0.02,-0.08,1.02,-15.93,2.63,1.37
36.41,-4.58,-4.7,5.19,0.03,-0.03,0.97,-15.56,2.89,1.62
36.47,-5.55,-4.52,3.85,0.03,-0.02,1.02,-15.33,3.12,1.82
36.52,-4.64,-4.52,3.72,0.05,-0.01,1.0,-15.08,3.34,2.12
36.58,-4.58,-2.69,0.12,0.06,-0.04,1.0,-14.99,3.54,2.3
36.63,-2.14,-2.81,-7.81,0.08,-0.05,0.99,-15.21,3.72,2.51
36.69,0.12,-3.85,-14.04,0.08,-0.04,0.97,-15.78,3.74,2.76
36.74,0.61,-3.36,-11.41,0.08,-0.06,0.96,-16.6,3.63,3.08
36.79,0.43,-2.56,-2.5,0.01,-0.08,0.98,-16.95,3.61,3.24
36.85,-0.49,1.22,1.1,0.02,-0.06,0.97,-16.9,3.6,3.28
36.9,5.19,11.29,1.34,0.01,0.02,1.04,-16.88,3.48,2.88
36.96,1.59,8.36,11.17,0.02,-0.01,1.01,-16.56,3.29,2.26
37.01,-1.95,10.13,21.91,0.01,-0.06,0.96,-15.69,3.28,1.65
37.07,-4.03,10.68,30.33,0.02,-0.08,1.0,-14.08,3.49,0.93
37.12,-15.14,21.79,26.37,0.1,0.02,0.82,-12.62,3.88,0.21
37.17,-6.53,7.57,22.4,0.01,-0.15,1.03,-11.09,4.47,-0.83
37.23,-1.1,5.68,23.68,-0.02,-0.12,1.03,-9.95,4.69,-1.15
37.28,5.25,4.09,11.96,-0.07,-0.2,1.0,-9.04,4.61,-1.52
37.34,3.54,1.89,5.74,-0.11,-0.1,1.02,-8.49,4.47,-1.76
37.39,0.98,-0.12,-5.25,-0.11,-0.06,1.02,-8.59,4.36,-1.81
37.45,2.01,-0.24,-10.01,-0.05,0.03,0.98,-9.02,4.3,-1.85
37.51,-4.46,-1.59,-1.22,-0.05,-0.09,1.0,-9.29,4.39,-1.79
37.56,-3.3,-1.16,-3.42,-0.04,-0.14,1.01,-9.39,4.61,-1.74
37.61,0.31,-1.16,-7.14,-0.02,-0.07,0.99,-9.66,4.72,-1.63
37.67,0.18,-1.28,-7.57,0.01,-0.09,0.99,-10.06,4.7,-1.48
37.72,0.18,-3.17,-9.34,-0.0,-0.07,1.0,-10.52,4.7,-1.25
37.78,0.43,-4.33,-10.8,-0.01,-0.05,1.0,-11.01,4.63,-1.01
37.83,-1.1,-4.15,-11.6,-0.03,-0.09,0.97,-11.01,4.63,-1.01
37.89,0.0,-3.54,-13.98,-0.0,-0.12,1.0,-12.29,4.7,-0.49
37.94,0.18,-1.77,-4.21,0.01,-0.1,0.98,-12.79,4.72,-0.27
37.99,-0.24,-1.77,3.05,0.01,-0.03,0.98,-12.88,4.72,-0.13
38.05,-0.73,-0.92,0.67,-0.03,-0.03,0.98,-12.68,4.71,-0.09
38.1,-0.55,-1.22,-2.32,0.02,-0.14,1.01,-12.75,4.76,-0.04
38.15,-0.31,-0.85,0.31,0.01,-0.15,1.0,-12.77,4.87,0.02
38.21,-2.26,-0.06,8.67,-0.03,-0.15,1.0,-12.43,5.07,0.01
38.26,-2.93,0.79,7.39,-0.03,-0.07,0.99,-12.01,5.27,-0.09
38.32,-1.89,1.4,8.0,-0.03,-0.07,0.99,-11.56,5.36,-0.23
38.37,-1.22,0.92,10.31,-0.01,-0.29,1.01,-11.1,5.44,-0.31
38.43,-1.34,-1.95,7.14,-0.0,-0.09,1.0,-10.55,5.55,-0.36
38.48,-2.2,-1.65,9.28,-0.0,-0.1,0.99,-10.15,5.68,-0.29
38.54,-0.12,-2.87,17.7,-0.0,-0.09,0.98,-9.29,5.72,-0.25
38.59,3.17,-0.73,20.81,-0.0,-0.01,0.97,-8.26,5.65,-0.22
38.64,0.31,1.34,7.57,0.03,-0.05,1.01,-7.39,5.44,-0.34
38.7,-3.36,0.24,-1.95,0.01,-0.13,0.99,-7.3,5.54,-0.32
38.75,-0.06,0.18,-1.77,0.0,-0.12,1.0,-7.5,5.68,-0.29
38.81,-0.12,-0.37,1.4,0.01,-0.09,0.99,-7.49,5.7,-0.26
38.86,-0.12,-0.49,0.31,-0.0,-0.08,1.0,-7.42,5.67,-0.24
38.92,-0.49,0.0,-0.43,-0.01,-0.09,0.99,-7.43,5.66,-0.25
38.97,-0.18,0.0,0.12,-0.0,-0.1,0.99,-7.43,5.67,-0.26
39.03,-0.31,-0.12,-0.31,-0.0,-0.09,1.0,-7.43,5.68,-0.25
39.08,-0.18,-0.12,0.24,-0.01,-0.09,1.0,-7.43,5.68,-0.25
39.14,-0.31,-0.06,-0.18,-0.0,-0.09,0.99,-7.43,5.67,-0.25
39.19,-0.12,-0.12,0.06,-0.0,-0.1,1.0,-7.43,5.67,-0.25
39.24,-0.24,-1.34,0.12,-0.04,-0.1,0.95,-7.43,5.68,-0.23
39.3,-0.79,-5.86,1.46,-0.04,-0.14,0.98,-7.38,5.74,-0.04
39.36,11.23,-9.03,-2.44,-0.06,-0.12,0.95,-7.34,5.55,0.29
39.41,9.83,-8.0,-8.85,0.03,0.06,1.04,-7.57,4.72,0.8
39.46,1.95,-3.23,-4.82,0.15,0.01,0.99,-7.93,4.47,1.26
39.52,-3.23,0.67,-1.77,0.08,-0.1,1.01,-8.17,4.45,1.44
39.57,0.31,0.12,-2.87,-0.02,-0.12,1.0,-8.31,4.55,1.44
39.63,-1.89,1.28,-2.14,-0.0,-0.17,0.99,-8.37,4.66,1.34
39.68,1.04,1.1,4.15,0.02,-0.05,1.03,-8.37,4.71,1.22
39.73,-2.26,1.95,7.87,0.06,-0.03,0.97,-7.99,4.77,1.08
39.79,-0.24,1.04,4.82,0.06,-0.03,0.97,-7.62,4.73,0.94
39.84,0.0,-0.31,-3.3,0.02,-0.04,0.98,-7.64,4.72,0.96
39.9,-0.31,-0.06,-4.27,0.01,-0.04,0.99,-7.84,4.64,1.0
39.95,-0.31,1.71,-4.76,0.01,-0.14,1.03,-8.06,4.71,0.92
40.01,0.61,-0.67,-8.36,0.01,-0.15,0.98,-8.43,4.78,0.91
40.06,-0.06,-0.79,-10.99,0.03,-0.04,1.02,-8.93,4.77,1.03
40.11,2.01,-3.05,-8.61,0.0,-0.11,0.95,-9.55,4.82,1.12
40.17,0.67,-1.22,-4.15,0.04,-0.05,1.02,-9.85,4.66,1.28
40.22,0.61,0.18,-3.23,0.02,-0.05,1.0,-10.01,4.66,1.26
40.28,-0.85,0.73,-5.98,0.04,-0.08,1.01,-10.24,4.6,1.3
40.33,-1.89,0.31,-4.64,0.04,-0.09,0.99,-10.57,4.71,1.34
40.39,-2.01,-0.24,-7.81,0.03,-0.09,0.98,-10.87,4.8,1.39
40.44,1.28,-1.1,-0.79,0.01,0.01,1.0,-11.12,4.75,1.45
40.49,0.79,-1.16,1.59,-0.0,-0.02,1.0,-11.1,4.58,1.45
40.55,-1.1,-0.37,4.09,0.03,-0.16,1.01,-10.92,4.61,1.48
40.6,-4.64,0.43,5.43,0.0,-0.14,0.99,-10.66,4.8,1.42
40.66,-5.37,-1.04,1.28,-0.0,-0.09,1.02,-10.44,5.16,1.4
40.72,-5.0,-1.83,-1.83,-0.02,-0.05,1.01,-10.49,5.38,1.46
40.77,-1.28,-3.23,-3.91,0.01,-0.02,0.99,-10.64,5.51,1.63
40.83,-2.81,-3.72,-11.84,0.08,-0.05,0.99,-11.04,5.48,1.87
40.88,-2.26,-3.17,-18.13,0.08,-0.05,0.99,-11.76,5.52,2.2
40.94,0.06,-5.74,-16.24,0.13,-0.06,1.0,-12.82,5.47,2.63
40.98,5.25,-4.39,-8.42,0.17,-0.05,0.98,-13.47,5.38,2.97
41.04,4.33,-4.7,-4.88,0.08,-0.09,0.98,-13.84,5.01,3.35
41.1,2.14,-3.42,-0.18,-0.02,-0.14,0.98,-13.95,4.93,3.54
41.15,0.79,2.56,6.9,-0.02,-0.16,0.97,-13.74,4.95,3.41
41.2,6.9,12.21,16.97,0.04,-0.15,0.99,-13.17,4.84,2.92
41.26,8.3,13.67,1330.26,-0.06,-0.06,1.05,-11.95,4.32,1.75
41.32,8.3,13.67,1330.26,-0.01,-0.1,0.96,-10.78,4.03,0.86
41.37,0.79,7.87,15.5,0.09,-0.04,1.02,-9.73,3.78,0.23
41.42,2.5,5.86,3.6,0.09,-0.1,0.99,-9.38,3.87,-0.04
41.48,1.28,3.17,-0.24,0.09,-0.1,0.99,-9.34,3.69,-0.28
41.53,5.19,4.94,0.73,-0.01,-0.07,1.0,-9.33,3.52,-0.53
41.58,4.46,5.68,0.55,0.02,-0.1,1.01,-9.37,3.32,-0.8
41.64,1.4,2.75,-3.11,-0.08,-0.02,0.99,-9.4,3.12,-1.05
41.69,1.16,1.04,-4.33,-0.07,0.04,0.98,-9.64,2.98,-1.18
41.75,0.61,0.24,-3.72,-0.05,0.07,0.98,-9.87,2.91,-1.2
41.81,-2.38,-2.08,-4.7,-0.03,-0.08,1.0,-10.11,2.9,-1.17
41.86,-2.93,-1.77,-1.59,-0.01,-0.11,1.01,-10.25,3.08,-1.07
41.92,-0.18,-1.71,-5.31,-0.01,-0.1,1.01,-10.43,3.26,-0.96
41.97,0.67,-1.95,-7.39,-0.01,-0.05,1.0,-10.77,3.26,-0.83
42.02,-0.67,-3.6,-11.96,-0.01,-0.06,0.99,-11.29,3.26,-0.62
42.08,0.0,-3.6,-8.67,0.0,-0.02,0.99,-11.83,3.24,-0.37
42.13,-0.67,-3.42,-11.17,-0.0,-0.06,1.0,-12.4,3.27,-0.13
42.18,-0.85,-2.87,-9.64,-0.02,-0.05,1.0,-12.89,3.33,0.04
42.24,-0.43,-1.83,-7.69,0.03,-0.09,0.99,-13.49,3.39,0.24
42.3,-0.24,-1.59,-1.65,0.02,-0.03,1.0,-13.69,3.44,0.36
42.35,-0.37,-1.04,1.77,0.01,0.02,0.99,-13.63,3.36,0.46
42.4,-1.46,-1.22,0.55,0.02,-0.08,0.98,-13.6,3.42,0.49
42.46,-0.98,-0.85,2.08,-0.01,-0.12,1.0,-13.44,3.53,0.54
42.51,-0.92,-0.55,3.54,0.0,-0.13,1.03,-13.29,3.7,0.55
42.56,-0.79,0.55,7.45,-0.02,-0.05,0.98,-13.04,3.79,0.5
42.62,-1.46,0.61,9.77,0.02,-0.04,0.97,-12.53,3.83,0.4
42.67,-0.43,0.12,10.07,0.02,-0.04,0.99,-12.02,3.86,0.34
42.73,0.18,-0.06,6.96,0.02,-0.06,0.96,-11.53,3.84,0.36
42.78,1.89,-1.34,2.2,-0.01,-0.03,1.03,-11.32,3.8,0.37
42.84,5.74,-3.3,-5.68,-0.0,0.06,1.02,-11.37,3.57,0.46
42.89,6.04,-4.82,-12.21,0.05,0.06,1.02,-11.85,3.11,0.78
42.94,0.43,-0.85,-9.4,0.03,-0.04,0.98,-12.44,2.89,0.97
43.0,-0.61,-2.14,-6.59,0.02,-0.09,1.0,-12.88,2.92,1.09
43.06,-0.24,-0.92,-1.04,-0.01,-0.13,1.0,-13.07,3.0,1.14
43.11,0.37,0.49,0.98,0.03,-0.08,1.01,-13.06,3.08,1.11
43.16,0.37,-0.24,0.55,0.05,-0.03,1.01,-13.0,3.05,1.14
43.22,-0.31,-0.24,-0.24,0.02,-0.03,1.0,-13.0,3.01,1.18
43.27,-0.12,0.0,0.0,0.01,-0.07,1.0,-13.0,3.01,1.16
43.33,0.06,0.06,0.06,0.02,-0.05,1.0,-13.0,3.03,1.15
43.38,0.0,-0.06,-0.24,0.03,-0.04,0.99,-13.0,3.0,1.16
43.43,-0.12,-0.12,0.06,0.02,-0.05,0.99,-13.0,2.99,1.16
43.49,0.06,-0.12,-0.37,0.02,-0.05,1.0,-13.0,2.99,1.16
43.54,-0.06,0.0,0.18,0.02,-0.05,0.98,-13.0,2.98,1.16
43.6,1.16,-3.72,-3.23,0.04,-0.01,1.0,-13.0,2.95,1.32
43.65,0.06,-3.42,-3.11,0.04,-0.05,0.96,-13.16,2.87,1.52
43.71,-2.38,-1.28,-4.09,0.03,-0.08,1.03,-13.43,2.91,1.7
43.77,-0.92,1.22,-0.67,-0.01,-0.08,1.03,-13.55,3.01,1.68
43.82,-0.06,3.91,3.11,-0.04,-0.09,1.0,-13.53,3.09,1.52
43.87,1.46,5.13,8.18,0.04,-0.08,1.03,-13.18,3.03,1.24
43.92,1.04,3.6,4.94,0.06,-0.04,1.0,-12.93,2.98,1.02
43.98,-0.06,2.81,4.33,0.05,-0.07,0.96,-12.61,2.94,0.83
44.03,0.37,0.55,3.78,0.06,-0.04,1.0,-12.43,2.91,0.8
44.09,-0.37,-1.77,-1.46,0.01,-0.0,1.01,-12.38,2.95,0.85
44.14,-1.22,-1.16,-2.87,0.01,0.01,0.98,-12.46,2.87,0.93
44.2,-0.73,-0.55,-3.85,0.01,0.01,0.98,-12.76,2.9,0.98
44.25,0.18,0.79,-2.69,-0.05,-0.03,0.98,-12.85,2.93,0.91
44.3,0.31,0.73,-9.7,-0.05,-0.12,0.99,-13.21,3.02,0.82
44.36,1.77,-0.61,-12.21,0.03,-0.08,0.99,-13.79,3.07,0.85
44.41,1.46,0.0,-10.19,0.04,-0.04,1.01,-14.54,2.95,0.97
44.47,1.71,-0.06,-2.75,0.06,0.0,1.01,-14.86,2.8,1.02
44.52,0.18,-0.18,-3.3,0.03,-0.03,0.96,-14.96,2.72,1.06
44.58,-0.55,0.06,-4.39,0.01,-0.05,0.99,-15.15,2.7,1.09
44.64,0.98,-0.18,-9.16,-0.0,-0.07,1.03,-15.64,2.68,1.14
44.69,1.28,0.0,-9.83,-0.01,-0.08,0.99,-16.1,2.64,1.15
44.74,0.43,1.16,-7.02,0.02,0.03,0.99,-16.65,2.57,1.12
44.79,0.55,0.31,0.61,0.01,0.04,1.0,-16.8,2.33,1.11
44.85,-0.73,-1.53,7.08,0.03,-0.07,1.0,-16.54,2.32,1.16
44.9,-2.44,-1.4,10.13,-0.01,-0.11,1.02,-16.07,2.48,1.2
44.96,-4.76,-3.54,3.78,-0.0,-0.12,1.0,-15.71,2.81,1.32
45.02,-4.64,-4.39,4.21,-0.0,-0.05,0.99,-15.52,3.07,1.52
45.07,-4.76,-3.6,5.25,0.01,-0.03,0.99,-15.22,3.3,1.75
45.12,-3.17,-3.36,5.13,0.07,-0.01,0.98,-14.92,3.45,1.93
45.18,-6.04,-2.56,-2.01,0.06,-0.04,0.96,-14.83,3.7,2.18
45.23,-3.11,-3.11,-4.52,0.07,-0.02,0.99,-14.99,3.86,2.32
45.29,-1.34,-6.71,-12.94,0.08,0.01,0.98,-15.4,3.91,2.6
45.34,-1.34,-5.86,-16.97,0.08,-0.04,0.95,-16.28,3.94,3.07
45.4,-0.79,-3.66,-8.48,0.02,-0.11,1.0,-16.95,3.96,3.32
45.45,-2.08,-0.49,1.1,0.03,-0.11,1.01,-17.16,4.02,3.44
45.5,3.91,7.81,7.57,0.09,-0.08,0.99,-16.98,4.09,3.27
45.56,8.06,12.51,15.93,0.01,-0.09,1.06,-16.3,3.73,2.58
45.61,1.77,10.56,19.41,-0.01,-0.07,0.99,-15.45,3.5,1.89
45.67,-0.24,7.69,17.88,0.05,-0.08,1.01,-14.34,3.48,1.22
45.72,0.55,7.63,15.44,0.07,-0.08,1.01,-13.53,3.53,0.86
45.78,0.24,5.8,6.35,0.06,-0.11,1.01,-12.93,3.5,0.44
45.83,2.56,5.25,3.23,0.02,-0.1,1.0,-12.73,3.47,0.2
45.88,2.81,5.25,3.54,0.02,-0.1,1.0,-12.54,3.34,-0.1
45.94,3.78,3.42,0.92,-0.04,-0.03,0.99,-12.44,3.12,-0.35
45.99,1.16,0.73,-1.1,-0.06,0.01,1.0,-12.44,2.94,-0.5
46.05,0.31,-0.18,-3.17,-0.06,0.02,0.99,-12.57,2.86,-0.54
46.11,-1.65,-1.77,-4.52,-0.02,-0.06,0.99,-12.82,2.83,-0.53
46.16,-2.81,-1.53,-0.85,-0.01,-0.13,1.01,-12.94,2.99,-0.46
46.22,-1.28,-1.83,-3.85,-0.01,-0.09,1.01,-13.01,3.14,-0.36
46.27,0.37,-2.08,-6.9,0.0,-0.06,1.0,-13.31,3.17,-0.25
46.32,0.31,-2.69,-9.52,-0.0,-0.03,1.0,-13.77,3.14,-0.07
46.38,-0.55,-4.03,-10.62,0.01,-0.05,0.99,-14.34,3.14,0.15
46.43,-0.49,-2.99,-9.58,-0.01,-0.05,0.99,-14.81,3.15,0.37
46.49,-0.06,-2.69,-9.46,0.0,-0.08,0.99,-15.28,3.21,0.54
46.54,-0.67,-2.69,-9.03,0.03,-0.08,1.0,-15.9,3.27,0.76
46.59,0.79,-1.77,-4.09,0.05,-0.06,0.99,-16.23,3.33,0.88
46.65,-1.1,-0.98,1.71,0.01,0.03,0.98,-16.18,3.28,0.97
46.7,-1.4,-0.37,0.73,-0.01,-0.06,0.99,-16.12,3.28,1.01
46.76,-1.16,-0.73,3.11,-0.0,-0.11,1.0,-16.02,3.38,1.07
46.81,-1.04,-0.67,3.91,-0.01,-0.13,1.0,-15.83,3.55,1.06
46.86,-1.16,0.43,6.47,-0.02,-0.08,1.0,-15.57,3.69,1.03
46.92,-0.79,-0.31,8.0,0.04,-0.05,0.99,-15.12,3.74,0.94
46.97,0.43,-0.12,8.54,0.0,-0.03,0.96,-14.71,3.75,0.92
47.03,-1.04,-1.28,5.8,0.02,-0.05,0.97,-14.29,3.77,0.92
47.08,1.34,-0.55,4.03,-0.0,-0.05,1.05,-14.05,3.76,0.92
47.14,4.7,-1.4,-6.96,0.05,0.05,0.99,-14.11,3.54,0.96
47.19,4.7,-1.4,-6.96,0.07,0.08,0.97,-14.7,3.16,1.22
47.25,0.92,-3.05,-9.46,0.07,0.08,0.97,-15.42,2.93,1.54
47.3,-0.12,-1.71,-6.59,0.02,-0.03,1.02,-15.82,3.05,1.6
47.36,0.24,-0.43,-1.65,-0.0,-0.09,0.99,-16.02,3.08,1.63
47.41,0.24,-0.43,-1.65,0.06,-0.07,0.99,-16.02,3.08,1.63
47.46,-0.06,-0.06,0.06,0.06,-0.02,1.01,-16.04,3.07,1.65
47.52,-0.06,-0.06,0.06,-0.0,-0.06,1.0,-16.04,3.07,1.65
47.57,0.18,0.12,-0.55,0.01,-0.06,0.99,-16.03,3.08,1.63
47.63,-0.12,0.0,0.49,0.05,-0.03,0.98,-16.03,3.03,1.64
47.68,-0.24,-0.18,-0.06,0.02,-0.07,1.0,-16.03,3.04,1.66
47.74,0.06,0.0,-0.31,0.02,-0.03,1.01,-16.03,3.05,1.64
47.79,0.06,0.18,0.18,0.04,-0.04,1.0,-16.03,3.02,1.64
47.84,-0.06,-0.12,0.24,0.02,-0.07,0.99,-16.02,3.02,1.65
47.9,0.43,-3.91,-0.61,0.03,-0.06,0.97,-16.02,3.04,1.74
47.96,-0.12,-2.75,-1.95,0.08,-0.06,0.94,-16.16,2.97,1.9
48.01,0.43,-3.54,-3.97,0.05,-0.06,1.06,-16.33,2.89,2.1
48.06,-1.77,2.32,1.04,-0.03,-0.06,0.97,-16.37,2.97,2.08
48.12,-1.53,4.88,4.64,-0.03,-0.1,1.01,-16.24,3.0,1.97
48.17,2.99,3.54,8.61,0.02,-0.03,1.02,-15.87,2.99,1.67
48.22,1.46,3.05,4.58,0.05,-0.07,0.95,-15.48,2.93,1.43
48.28,0.55,3.91,4.82,0.05,-0.04,0.99,-15.22,2.85,1.22
48.33,0.92,0.0,0.98,0.06,-0.06,0.99,-15.08,2.83,1.13
48.39,-1.28,1.22,2.93,0.02,-0.02,0.97,-14.95,2.83,1.13
48.44,-0.55,-1.04,-2.26,0.03,0.04,0.98,-15.0,2.8,1.18
48.5,-1.16,-1.4,-4.64,0.03,0.04,0.98,-15.18,2.84,1.24
48.56,-0.24,0.24,-2.81,-0.02,-0.05,1.02,-15.32,2.91,1.18
48.61,0.49,0.49,-9.46,-0.04,-0.13,1.01,-15.72,2.99,1.13
48.66,2.08,-0.85,-12.63,-0.0,-0.13,1.0,-16.29,3.03,1.14
48.72,0.43,-0.06,-12.57,0.03,-0.07,0.99,-17.06,2.89,1.24
48.77,1.95,-0.92,-6.53,0.05,-0.02,1.0,-17.53,2.79,1.32
48.82,-0.73,0.49,-1.71,0.03,-0.04,0.99,-17.68,2.68,1.37
48.88,1.89,-1.04,-4.7,0.03,-0.03,1.02,-17.88,2.64,1.41
48.93,0.37,-0.31,-9.03,0.0,-0.08,0.96,-18.31,2.65,1.44
48.99,1.28,-0.12,-9.22,0.0,-0.04,1.0,-18.77,2.58,1.46
49.04,0.49,1.89,-8.73,0.03,-0.01,1.02,-19.36,2.51,1.46
49.09,0.67,0.31,-3.3,0.03,0.08,1.0,-19.64,2.32,1.46
49.15,-0.49,-1.46,6.71,0.04,-0.05,1.01,-19.48,2.19,1.49
49.2,-2.62,-1.22,9.83,0.03,-0.11,1.01,-19.03,2.32,1.54
49.26,-3.91,-3.91,5.68,0.01,-0.13,1.01,-18.5,2.64,1.61
49.31,-4.52,-4.76,3.6,0.02,-0.06,1.0,-18.27,2.89,1.81
49.37,-4.94,-4.27,4.39,0.02,-0.02,0.99,-18.0,3.16,2.04
49.42,-2.81,-3.54,4.46,0.06,-0.0,1.02,-17.77,3.33,2.2
49.48,-6.41,-2.99,-2.26,0.08,-0.03,0.97,-17.7,3.59,2.4
49.54,-4.15,-2.81,-5.0,0.07,-0.03,1.01,-17.86,3.79,2.52
49.59,-1.65,-6.41,-13.79,0.07,-0.01,0.99,-18.28,3.91,2.79
49.64,0.12,-5.55,-18.07,0.1,-0.0,0.95,-19.19,3.88,3.24
49.7,-1.4,-4.33,-11.72,0.04,-0.09,1.0,-20.01,3.86,3.55
49.75,-0.24,-2.14,-0.31,0.02,-0.11,0.99,-20.35,3.89,3.76
49.8,0.73,6.16,7.08,0.07,-0.07,0.97,-20.15,4.02,3.66
49.86,7.2,12.76,13.67,0.02,-0.06,1.02,-19.6,3.83,3.08
49.91,5.37,12.7,15.75,-0.08,-0.07,0.98,-18.9,3.6,2.42
49.97,0.43,7.08,15.5,0.05,-0.09,0.98,-17.89,3.56,1.69
50.02,0.24,6.65,12.08,0.08,-0.08,1.0,-17.21,3.63,1.35
50.08,1.16,4.7,2.99,0.09,-0.1,1.0,-16.83,3.58,1.01
50.13,2.69,4.52,-3.05,0.04,-0.09,1.0,-16.89,3.55,0.82
50.18,2.08,3.54,-3.66,0.04,-0.09,1.0,-17.12,3.41,0.65
50.24,3.91,3.48,-2.08,0.03,-0.07,1.01,-17.28,3.27,0.51
50.29,2.44,1.71,3.05,0.01,-0.04,0.99,-17.27,3.04,0.33
50.35,0.79,0.61,1.77,-0.04,0.01,1.0,-17.12,2.92,0.2
50.41,-1.04,-1.22,-4.64,-0.03,-0.02,0.99,-17.24,2.82,0.13
50.46,-2.75,-1.83,-1.65,-0.0,-0.12,1.01,-17.44,2.94,0.22
50.51,-1.4,-1.16,-1.46,0.0,-0.1,1.01,-17.47,3.13,0.3
50.57,-0.43,-1.28,-4.76,0.01,-0.05,1.01,-17.67,3.18,0.36
50.62,-0.49,-2.14,-7.39,0.03,-0.05,0.99,-18.0,3.2,0.49
50.68,-0.18,-3.11,-10.13,0.03,-0.03,0.99,-18.5,3.18,0.68
50.73,-1.71,-3.72,-9.28,0.02,-0.06,0.99,-19.01,3.22,0.92
50.79,-0.49,-2.75,-9.46,-0.0,-0.07,1.0,-19.45,3.32,1.11
50.84,-0.12,-2.69,-9.28,0.04,-0.08,0.99,-20.07,3.35,1.31
50.9,-0.24,-2.44,-7.69,0.05,-0.09,0.99,-20.47,3.41,1.48
50.95,0.55,-0.61,-2.26,0.03,-0.01,1.0,-20.65,3.39,1.61
51.01,-0.67,-0.55,-0.67,0.02,-0.02,0.99,-20.75,3.3,1.67
51.06,-1.04,-1.46,3.42,0.03,-0.09,0.98,-20.65,3.36,1.74
51.11,-1.1,-0.67,5.13,-0.01,-0.14,1.0,-20.43,3.5,1.72
51.16,-1.34,-0.43,7.39,0.02,-0.08,1.0,-20.11,3.62,1.67
51.22,-0.43,-0.24,7.69,0.05,-0.05,1.0,-19.64,3.68,1.63
51.27,0.61,0.61,8.18,0.0,-0.05,1.0,-19.26,3.71,1.62
51.33,-0.67,0.12,6.77,0.04,-0.03,1.0,-18.81,3.73,1.59
51.38,0.67,-0.12,4.03,0.02,-0.06,0.96,-18.52,3.76,1.59
51.44,3.78,-2.62,-7.39,0.02,0.02,1.02,-18.57,3.58,1.62
51.49,9.46,-7.2,-12.27,0.04,0.07,0.99,-19.04,3.05,1.91
51.55,2.87,-2.75,-10.07,0.07,-0.01,0.98,-19.79,2.6,2.24
51.6,-1.16,-0.18,-2.69,0.03,-0.07,0.98,-20.05,2.58,2.3
51.66,-0.49,-0.31,-1.46,0.03,-0.1,1.01,-20.14,2.65,2.31
51.71,0.0,0.12,-0.92,0.04,-0.1,1.01,-20.19,2.74,2.32
51.76,0.18,0.0,0.18,0.06,-0.06,0.99,-20.2,2.79,2.33
51.82,-0.18,-0.24,0.24,0.04,-0.04,0.98,-20.2,2.76,2.36
51.88,-0.12,-0.37,-0.37,0.04,-0.05,1.0,-20.2,2.76,2.37
51.93,0.18,-0.18,0.06,0.03,-0.05,1.01,-20.2,2.77,2.37
51.98,-0.06,0.06,-0.12,0.05,-0.03,0.99,-20.19,2.76,2.37
52.04,-0.12,-0.06,-0.37,0.04,-0.06,0.99,-20.19,2.76,2.38
52.09,-0.06,-0.12,0.18,0.04,-0.04,0.99,-20.19,2.76,2.38
52.15,-0.06,-0.06,-0.06,0.04,-0.04,1.0,-20.19,2.75,2.38
52.2,-0.12,-3.05,-1.22,0.03,-0.06,0.97,-20.2,2.75,2.43
52.25,0.73,-2.93,-3.05,0.04,-0.04,0.97,-20.35,2.69,2.65
52.31,0.98,-3.54,-8.0,0.04,-0.07,1.03,-20.67,2.64,2.9
52.36,-0.24,0.92,-0.43,0.01,-0.07,0.98,-20.87,2.65,2.93
52.42,-0.18,4.94,4.88,0.01,-0.07,1.0,-20.7,2.69,2.68
52.47,1.95,6.35,12.08,0.05,-0.06,0.99,-20.22,2.65,2.32
52.52,1.34,4.33,6.65,0.04,-0.03,0.98,-19.69,2.58,1.99
52.58,0.67,3.17,5.19,0.07,-0.08,1.0,-19.37,2.54,1.82
52.63,0.24,0.43,2.26,0.07,-0.02,0.97,-19.28,2.56,1.79
52.69,-1.1,-0.12,-1.1,0.04,-0.04,0.99,-19.23,2.6,1.83
52.74,-0.98,-1.34,-1.59,0.03,0.03,1.02,-19.26,2.54,1.88
52.8,-0.98,-0.43,-3.54,0.01,0.02,1.0,-19.51,2.59,1.97
52.85,-1.22,1.34,0.18,-0.04,-0.11,1.01,-19.53,2.61,1.88
52.9,-0.43,0.49,-5.98,0.01,-0.14,1.0,-19.71,2.72,1.76
52.97,1.4,-1.04,-13.98,0.04,-0.07,1.01,-20.24,2.77,1.75
53.02,0.98,-0.92,-14.04,0.06,-0.04,1.01,-21.11,2.67,1.86
53.07,1.4,-1.22,-8.73,0.07,-0.01,1.0,-21.68,2.56,1.96
53.12,0.98,0.06,0.12,0.07,-0.01,1.0,-21.88,2.41,2.05
53.18,-0.06,-0.18,-3.85,0.05,-0.03,0.99,-21.96,2.36,2.08
53.24,-0.43,-0.98,-7.63,0.05,-0.03,0.98,-22.28,2.37,2.1
53.29,0.0,-0.18,-8.36,0.01,-0.06,1.01,-22.7,2.38,2.12
53.34,1.65,0.06,-8.54,0.03,-0.04,1.02,-23.29,2.33,2.14
53.4,-0.43,0.55,-5.07,0.04,0.08,0.98,-23.62,2.29,2.08
53.45,0.0,-0.37,4.15,0.05,-0.01,1.03,-23.69,2.22,2.09
53.51,-2.14,-1.28,10.38,0.03,-0.1,1.0,-23.3,2.33,2.14
53.56,-4.21,-3.11,8.06,0.03,-0.12,1.01,-22.71,2.61,2.2
53.61,-4.52,-4.94,4.15,0.02,-0.08,0.99,-22.47,2.92,2.4
53.67,-4.58,-4.7,5.25,0.03,-0.02,1.0,-22.19,3.19,2.61
53.72,-3.78,-4.58,4.58,0.05,-0.02,1.02,-21.95,3.42,2.8
53.78,-5.0,-2.38,1.16,0.09,-0.01,0.98,-21.72,3.65,3.03
53.84,-4.03,-1.22,-3.17,0.07,-0.05,0.97,-21.79,3.9,3.13
53.89,-2.81,-4.39,-9.4,0.07,-0.02,1.01,-22.17,4.06,3.36
53.94,-1.28,-7.02,-15.38,0.12,0.02,0.92,-22.8,4.03,3.74
54.0,-0.67,-4.46,-13.31,0.07,-0.07,1.04,-23.73,3.99,4.12
54.05,-0.06,-3.17,-3.11,0.02,-0.11,0.95,-24.08,4.01,4.33
54.1,-0.85,3.78,4.03,0.07,-0.08,0.98,-23.98,4.14,4.32
54.16,6.23,11.11,10.13,0.06,-0.17,1.0,-23.69,4.02,3.93
54.22,5.74,12.7,14.47,-0.05,-0.1,1.0,-23.11,3.8,3.31
54.27,-0.12,9.03,15.38,0.03,-0.09,1.01,-22.2,3.71,2.5
54.32,0.0,6.23,10.19,0.07,-0.08,1.0,-21.55,3.74,2.13
54.39,1.28,5.0,3.05,0.1,-0.1,1.02,-21.16,3.72,1.8
54.43,2.69,5.0,-4.58,0.08,-0.07,1.0,-21.24,3.72,1.62
54.48,2.69,3.17,-7.39,0.05,-0.08,1.02,-21.62,3.58,1.46
54.54,3.54,2.75,-7.51,0.04,-0.05,0.98,-21.99,3.39,1.34
54.59,3.3,2.08,-3.23,-0.02,-0.03,0.99,-22.32,3.16,1.18
54.65,0.37,0.31,1.89,-0.0,-0.04,1.0,-22.34,3.08,1.09
54.71,-0.31,-0.18,-0.49,-0.0,-0.04,1.0,-22.26,2.99,0.98
54.76,-2.38,-1.22,-2.01,-0.01,-0.1,1.0,-22.36,3.07,1.02
54.82,-1.4,-0.79,-1.53,0.02,-0.09,1.0,-22.43,3.28,1.07
54.87,-0.49,-1.34,-6.04,0.03,-0.07,1.0,-22.62,3.35,1.14
54.92,-0.55,-1.65,-5.74,0.04,-0.04,0.99,-22.96,3.35,1.29
54.97,0.06,-3.23,-11.9,0.03,-0.05,1.0,-23.4,3.3,1.46
55.03,-1.53,-3.3,-8.0,0.03,-0.04,1.0,-24.01,3.29,1.7
55.09,-1.28,-3.42,-8.91,0.03,-0.09,0.99,-24.42,3.36,1.88
55.14,0.24,-2.93,-10.68,0.04,-0.08,1.01,-24.99,3.42,2.09
55.2,-0.06,-2.38,-7.69,0.06,-0.07,0.98,-25.46,3.41,2.27
55.25,0.24,-1.34,-2.87,0.06,-0.05,1.0,-25.75,3.43,2.41
55.3,0.12,-1.34,-2.81,0.04,-0.04,0.98,-25.88,3.32,2.44
55.36,-0.98,-2.2,1.95,0.05,-0.06,1.0,-25.92,3.38,2.54
55.41,-1.65,-0.67,6.53,0.0,-0.14,0.97,-25.65,3.53,2.54
55.47,-0.49,-0.18,6.35,0.03,-0.07,1.02,-25.33,3.65,2.53
55.52,0.55,0.06,5.98,0.04,-0.06,1.01,-25.03,3.67,2.48
55.57,-1.53,0.67,9.58,0.07,-0.04,0.97,-24.57,3.7,2.43
55.63,-0.24,0.49,6.9,0.05,-0.05,1.0,-24.09,3.76,2.38
55.68,-0.12,-0.55,3.3,0.02,-0.03,0.99,-23.84,3.81,2.38
55.74,2.81,-2.38,-2.2,0.03,0.0,1.06,-23.77,3.73,2.41
55.79,9.77,-8.18,-12.21,0.03,0.06,0.99,-23.77,3.73,2.41
55.85,5.07,-3.91,-10.86,0.1,0.02,0.98,-24.83,2.68,3.09
55.9,-1.34,0.31,-2.87,0.07,-0.05,0.98,-25.11,2.55,3.2
55.95,-1.16,0.31,-1.28,0.06,-0.1,1.02,-25.25,2.63,3.2
56.01,-0.18,-0.12,-0.61,0.04,-0.1,1.0,-25.26,2.72,3.21
56.06,0.18,-0.24,-0.55,0.06,-0.07,0.98,-25.3,2.77,3.21
56.12,0.18,-0.24,-0.55,0.06,-0.03,1.0,-25.3,2.76,3.23
56.17,0.0,-0.06,-0.31,0.06,-0.04,1.01,-25.3,2.72,3.25
56.23,-0.24,0.12,0.24,0.05,-0.05,0.98,-25.3,2.72,3.25
56.28,0.06,-0.06,-0.37,0.05,-0.05,0.98,-25.3,2.74,3.22
56.34,0.18,-0.06,-0.31,0.05,-0.05,0.99,-25.3,2.74,3.22
56.39,-0.12,0.0,0.06,0.06,-0.04,1.0,-25.3,2.71,3.24
56.44,-0.24,0.0,0.12,0.05,-0.05,0.99,-25.3,2.72,3.24
56.5,0.49,-1.89,0.06,0.04,-0.06,0.98,-25.3,2.73,3.24
56.55,0.49,-3.17,-3.91,0.08,-0.02,0.99,-25.4,2.68,3.43
56.61,0.37,-3.66,-5.07,0.08,-0.07,0.99,-25.58,2.64,3.66
56.66,-1.04,0.0,-0.43,0.04,-0.06,1.0,-25.76,2.65,3.77
56.72,-1.04,2.99,3.23,0.01,-0.06,1.02,-25.65,2.7,3.61
56.77,0.49,6.04,10.19,0.05,-0.05,1.0,-25.3,2.7,3.3
56.83,1.65,3.66,5.07,0.04,-0.03,0.96,-24.86,2.62,2.94
56.88,0.98,4.21,4.88,0.08,-0.07,1.0,-24.62,2.57,2.74
56.93,0.24,0.61,0.92,0.09,-0.04,0.99,-24.49,2.57,2.66
56.99,-0.79,-0.31,1.22,0.08,-0.05,0.98,-24.39,2.59,2.7
57.04,-0.85,-1.04,-0.37,0.05,0.03,1.0,-24.4,2.58,2.76
57.1,-0.92,-2.14,-5.13,0.02,-0.02,1.0,-24.57,2.6,2.81
57.16,-0.73,0.73,-1.22,-0.03,-0.07,0.97,-24.69,2.6,2.77
57.21,-0.49,-0.06,-7.2,0.03,-0.12,1.0,-24.91,2.64,2.71
57.26,1.46,-1.34,-14.65,0.02,-0.09,0.98,-25.46,2.74,2.69
57.32,1.16,-0.12,-14.04,0.06,-0.04,0.98,-26.35,2.65,2.79
57.37,2.14,-1.1,-8.73,0.09,-0.02,1.01,-26.98,2.52,2.89
57.42,-0.06,0.24,-1.16,0.08,-0.02,1.0,-27.26,2.35,2.99
57.48,-1.34,0.37,-4.15,0.08,-0.02,0.99,-27.38,2.35,2.99
57.53,-1.4,0.37,-6.41,0.03,-0.07,0.99,-27.65,2.41,3.0
57.59,2.81,-1.28,-8.06,0.02,-0.08,1.0,-28.03,2.42,3.02
57.64,-2.14,1.53,-8.67,0.04,-0.05,0.96,-28.57,2.4,3.01
57.7,2.44,-0.61,-3.6,0.09,0.09,1.04,-28.87,2.31,3.0
57.75,0.18,-0.73,2.87,0.06,-0.01,0.99,-28.86,2.23,2.97
57.81,-2.93,-0.37,6.16,0.04,-0.13,1.04,-28.59,2.24,3.05
57.86,-4.27,-1.4,6.59,0.04,-0.13,1.04,-28.21,2.59,3.07
57.91,-4.64,-3.36,3.78,0.02,-0.14,1.02,-27.97,2.88,3.18
57.97,-4.7,-4.39,4.64,0.04,-0.09,1.0,-27.7,3.18,3.36
58.03,-3.05,-4.82,6.84,0.07,-0.02,1.01,-27.41,3.37,3.55
58.08,-4.33,-3.66,3.78,0.09,-0.03,1.01,-27.04,3.52,3.82
58.14,-5.49,-1.65,-2.26,0.07,-0.05,0.97,-27.03,3.72,3.94
58.19,-2.2,-3.66,-5.0,0.06,-0.02,1.01,-27.22,3.91,4.05
58.24,-0.37,-3.91,-9.83,0.12,0.02,0.93,-27.61,3.91,4.32
58.3,-0.67,-3.78,-10.74,0.11,-0.04,1.01,-28.28,3.81,4.63
58.35,-1.59,-2.99,-2.99,0.07,-0.12,0.98,-28.63,3.84,4.85
58.4,-2.08,-0.43,4.09,0.07,-0.09,0.99,-28.52,4.02,4.94
58.46,3.23,7.08,2.93,0.07,-0.09,0.93,-28.37,3.98,4.72
58.51,6.04,11.23,9.89,-0.01,-0.08,1.06,-28.02,3.66,4.09
58.57,3.97,9.09,12.21,0.02,-0.07,0.94,-27.47,3.48,3.52
58.62,-1.46,5.8,9.4,0.07,-0.08,1.02,-26.77,3.41,2.98
58.68,0.73,5.98,4.7,0.1,-0.08,1.0,-26.44,3.43,2.73
58.73,0.31,4.39,-2.38,0.1,-0.1,1.05,-26.41,3.39,2.46
58.79,2.32,3.72,-6.35,0.05,-0.08,0.99,-26.66,3.3,2.29
58.84,4.58,2.99,-8.0,0.07,-0.05,1.01,-27.12,3.13,2.15
58.89,1.89,1.65,-6.96,0.01,0.0,0.96,-27.52,2.96,2.07
58.95,0.79,0.06,-2.69,0.01,-0.04,1.01,-27.78,2.87,2.03
59.0,0.37,0.67,-0.43,0.02,-0.0,0.99,-27.85,2.8,1.94
59.06,-2.08,-1.95,-5.25,0.02,-0.09,1.02,-28.03,2.82,1.98
59.12,-1.28,-1.95,-4.09,0.02,-0.1,1.02,-28.32,3.03,2.09
59.17,-0.85,-1.53,-5.55,0.04,-0.08,0.99,-28.53,3.13,2.18
59.23,-0.31,-1.71,-5.49,0.06,-0.03,1.0,-28.88,3.15,2.31
59.28,-0.61,-2.08,-8.36,0.05,-0.05,0.99,-29.21,3.13,2.44
59.33,-1.53,-2.38,-6.53,0.04,-0.04,1.0,-29.77,3.11,2.66
59.38,-1.1,-3.23,-9.34,0.05,-0.04,0.99,-30.14,3.15,2.82
59.44,-0.92,-3.05,-9.28,0.05,-0.04,0.99,-30.7,3.19,3.05
59.49,0.06,-2.56,-8.12,0.04,-0.07,1.0,-31.17,3.24,3.24
59.55,0.12,-2.01,-2.69,0.08,-0.09,0.98,-31.51,3.26,3.42
59.6,0.79,-1.34,-3.42,0.09,-0.03,0.99,-31.61,3.13,3.52
